slug,corpus,token_count,vocabulary_size,lambda_mech,test_avg_nll,test_loglike,train_step2_gain,train_step2_expression,heldout_step2_gain,heldout_step2_help,heldout_step2_expression,k,w,alpha_tail,beta_tail,transition_fraction,success,optimizer_message,canonical_source
shakespeare,Complete Works of Shakespeare,988670,24458,0.01,6.881800823831108,-1356698.8598125363,-0.0004587538164613769,"sub[pow[x,x],sqrt[x]]",0.32288127495369134,True,"pow[mul[x,x],eml[1,x]]",100.93449990596228,1.1532726304787502,1.8263437449597508,3.083415549778909,0.4566653159961475,True,Optimization terminated successfully.,results/zipf_hybrid_mechpenalty/summary.json
shakespeare,Complete Works of Shakespeare,988670,24458,0.1,6.881797013594952,-1356698.1086511498,-0.00018735724243781893,"sub[pow[x,x],sqrt[x]]",0.32207112670401294,True,"pow[mul[x,x],eml[1,x]]",101.03044292911106,1.1507056865712753,1.826824596713501,3.079527107375584,0.45675934102358184,True,Optimization terminated successfully.,results/zipf_hybrid_mechpenalty/summary.json
shakespeare,Complete Works of Shakespeare,988670,24458,1.0,6.881815035404264,-1356701.6615247028,-0.00023541822729514217,"sub[pow[x,x],sqrt[x]]",0.32274505694904054,True,"pow[mul[x,x],eml[1,x]]",101.0684697880272,1.1480577190456218,1.82792143114982,3.0753067371170064,0.4567965829819016,True,Optimization terminated successfully.,results/zipf_hybrid_mechpenalty/summary.json
shakespeare,Complete Works of Shakespeare,988670,24458,10.0,6.881838292197187,-1356706.24643863,-0.0004211340341660208,"sub[pow[x,x],sqrt[x]]",0.3239671895343732,True,"pow[mul[x,x],eml[1,x]]",101.04110014862596,1.145763117434522,1.8291527941897734,3.0722256451821046,0.4567697796842978,True,Optimization terminated successfully.,results/zipf_hybrid_mechpenalty/summary.json
shakespeare,Complete Works of Shakespeare,988670,24458,100.0,7.051146399289194,-1390084.1545950696,0.010137306354539355,"sub[div[x,1],sqrt[x]]",0.2931819874657652,True,"pow[mul[x,x],eml[1,x]]",101.75953961674917,1.3602971548439995,1.8262294831785488,28.181972183129222,0.457470958371537,True,Optimization terminated successfully.,results/zipf_hybrid_mechpenalty/summary.json
war_and_peace,War and Peace,583368,17445,0.01,6.677652213903539,-776163.54977865,-0.0013681660202465307,"eml[sub[x,1],eml[x,1]]",0.3277894660193318,True,"pow[mul[x,x],eml[1,x]]",76.7898410696455,1.145343718815435,1.738783590330294,1.4671328194801818,0.44447194994419925,True,Optimization terminated successfully.,results/zipf_hybrid_mechpenalty/summary.json
war_and_peace,War and Peace,583368,17445,0.1,6.677625801443172,-776160.4797791443,-0.0013730441595187215,"eml[sub[x,1],eml[x,1]]",0.3261499987241647,True,"pow[mul[x,x],eml[1,x]]",77.02283613765864,1.1436220689877419,1.7409519715014545,1.4758235786610112,0.4447821431338301,True,Optimization terminated successfully.,results/zipf_hybrid_mechpenalty/summary.json
war_and_peace,War and Peace,583368,17445,1.0,6.677634014991969,-776161.4344645615,-0.0013830488053160894,"eml[sub[x,1],eml[x,1]]",0.3258118930639835,True,"pow[mul[x,x],eml[1,x]]",77.22562341427425,1.1415821296653046,1.7439702043418799,1.4819923300698374,0.4450513570137581,True,Optimization terminated successfully.,results/zipf_hybrid_mechpenalty/summary.json
war_and_peace,War and Peace,583368,17445,10.0,6.677656993685842,-776164.1053470864,-0.0013903449404388812,"eml[sub[x,1],eml[x,1]]",0.3261225257747058,True,"pow[mul[x,x],eml[1,x]]",77.41560975013623,1.1392254868517966,1.7472641366499262,1.4874671681150804,0.4453029361436893,True,Optimization terminated successfully.,results/zipf_hybrid_mechpenalty/summary.json
war_and_peace,War and Peace,583368,17445,100.0,6.8362069560294785,-794592.8431201744,0.011760981134191856,"sub[div[x,1],sqrt[x]]",0.2817669984711787,True,"pow[mul[x,x],eml[1,x]]",78.60974823931653,1.3772599794654985,1.7389240255679421,13.195231817116557,0.4468702115494882,True,Optimization terminated successfully.,results/zipf_hybrid_mechpenalty/summary.json
moby_dick,Moby Dick,219054,16956,0.01,6.946298447717541,-306706.8616605203,0.0028183941360479525,"sub[sqrt[x],pow[x,x]]",0.47829509345309784,True,"pow[mul[x,x],eml[1,x]]",150.63768419573668,3.5721418226379256,1.527752553128939,6.882958523523055,0.5149602951708981,True,Optimization terminated successfully.,results/zipf_hybrid_mechpenalty/summary.json
moby_dick,Moby Dick,219054,16956,0.1,6.946319595910065,-306707.79543781304,0.0021089733986680848,"sub[sqrt[x],pow[x,x]]",0.4770955084911833,True,"pow[mul[x,x],eml[1,x]]",155.8114243055929,3.5184221259287076,1.5264006571077797,6.8458349665331895,0.5184279105902868,True,Optimization terminated successfully.,results/zipf_hybrid_mechpenalty/summary.json
moby_dick,Moby Dick,219054,16956,1.0,6.946304544699682,-306707.13086666976,0.0017730257337426059,"sub[sqrt[x],pow[x,x]]",0.47651283627916463,True,"pow[mul[x,x],eml[1,x]]",161.77481613177662,3.496334339400797,1.5253635205656375,6.795445213567815,0.5222847017952971,True,Optimization terminated successfully.,results/zipf_hybrid_mechpenalty/summary.json
moby_dick,Moby Dick,219054,16956,10.0,6.9461579243210565,-306700.65699047194,0.0006960184925134671,"sub[sqrt[x],pow[x,x]]",0.47441554534770614,True,"pow[mul[x,x],eml[1,x]]",166.29332565086582,3.4991147677904646,1.5251113331346253,6.747897024385327,0.5251135003246691,True,Optimization terminated successfully.,results/zipf_hybrid_mechpenalty/summary.json
moby_dick,Moby Dick,219054,16956,100.0,6.9869558406070045,-308502.0481861617,0.007410133193680946,"mul[sub[1,x],mul[x,x]]",0.49491243626209935,True,"eml[mul[x,x],eml[1,x]]",566.1495445990068,2.14558664892989,5.9995745694828795,0.001596080137793443,0.6509152639336763,True,Optimization terminated successfully.,results/zipf_hybrid_mechpenalty/summary.json
king_james_bible,King James Bible,792180,12555,0.01,6.0073298237638335,-952438.1142384608,0.05982420374669617,"eml[neg[x],add[x,x]]",0.21464173636600548,True,"pow[mul[x,x],eml[1,x]]",140.216744210968,1.6895400584360396,4.2730370247541405,12.881280482109712,0.5237608868386505,True,Optimization terminated successfully.,results/zipf_hybrid_mechpenalty/summary.json
king_james_bible,King James Bible,792180,12555,0.1,6.00747250930924,-952460.7364609428,0.029972906523791032,"eml[neg[x],add[x,x]]",0.24127125752200723,True,"pow[mul[x,x],eml[1,x]]",138.3442987505464,1.6852726552324195,4.278708970701995,12.931541569732135,0.5223364239271524,True,Optimization terminated successfully.,results/zipf_hybrid_mechpenalty/summary.json
king_james_bible,King James Bible,792180,12555,1.0,6.007686242046982,-952494.6229315808,0.004693244530042939,"eml[neg[x],add[x,x]]",0.26185089346061385,True,"pow[mul[x,x],eml[1,x]]",136.1565635410655,1.6842083479547576,4.290561703548471,13.043349126637175,0.5206474768273941,True,Optimization terminated successfully.,results/zipf_hybrid_mechpenalty/summary.json
king_james_bible,King James Bible,792180,12555,10.0,6.007715007449986,-952499.1835711654,0.002234996968295294,"div[sub[1,x],eml[1,x]]",0.26391166477275385,True,"pow[mul[x,x],eml[1,x]]",136.15626194331742,1.684091558745913,4.290572727759048,13.045025449116423,0.5206472421259261,True,Optimization terminated successfully.,results/zipf_hybrid_mechpenalty/summary.json
king_james_bible,King James Bible,792180,12555,100.0,6.007715230808295,-952499.2189837319,0.0022416124162789874,"div[sub[1,x],eml[1,x]]",0.26391288170637994,True,"pow[mul[x,x],eml[1,x]]",136.15583527049196,1.6840024883285476,4.290588868046156,13.044438589347541,0.5206469100909323,True,Optimization terminated successfully.,results/zipf_hybrid_mechpenalty/summary.json
federalist_papers,Federalist Papers,192302,8617,0.01,6.196436699604738,-238934.59913675868,0.00040277747066699843,"eml[sub[x,1],eml[x,1]]",0.3332983393357257,True,"pow[mul[x,x],eml[1,x]]",112.73743253042488,0.8134189107532729,1.4255594518367474,8.00469662191702,0.5214440806771525,True,Optimization terminated successfully.,results/zipf_hybrid_mechpenalty/summary.json
federalist_papers,Federalist Papers,192302,8617,0.1,6.207993331239222,-239380.22285258438,0.09633633037465378,"div[mul[x,x],eml[1,x]]",0.42194701008167157,True,"pow[mul[x,x],eml[1,x]]",4999.999422065436,0.4022437838996553,5.999526988726273,0.0015960801377943312,0.9399327193714299,True,Optimization terminated successfully.,results/zipf_hybrid_mechpenalty/summary.json
federalist_papers,Federalist Papers,192302,8617,1.0,6.202193375616794,-239156.57656378357,0.0023402252267064327,"sub[sqrt[x],pow[x,x]]",0.39031660150885394,True,"pow[mul[x,x],eml[1,x]]",4222.974951730758,0.4568550974749356,1.0022665188158202,0.001631144584691829,0.9212936313299744,True,Optimization terminated successfully.,results/zipf_hybrid_mechpenalty/summary.json
federalist_papers,Federalist Papers,192302,8617,10.0,6.198613891678437,-239018.55166312054,-0.0018242372110426897,"eml[sub[x,1],eml[x,1]]",0.3629053533192733,True,"pow[mul[x,x],eml[1,x]]",3371.766091892712,0.4177199038227633,1.000673844270055,0.001980932705874086,0.8964518980108772,True,Optimization terminated successfully.,results/zipf_hybrid_mechpenalty/summary.json
federalist_papers,Federalist Papers,192302,8617,100.0,6.199229425793617,-239042.2866586019,0.00040136048084501996,"sub[sqrt[x],pow[x,x]]",0.3747685887871657,True,"pow[mul[x,x],eml[1,x]]",3313.089862442113,0.4126405669960378,1.0005330178493022,0.0014251332514395752,0.894514532476138,True,Optimization terminated successfully.,results/zipf_hybrid_mechpenalty/summary.json
grimms_fairy_tales,Grimm's Fairy Tales,102114,4746,0.01,6.073250060002232,-124380.16122884571,-0.0008476800456478917,"eml[sub[x,1],eml[x,1]]",0.3789847038140367,True,"pow[mul[x,x],eml[1,x]]",105.57255816986107,1.2243108154477746,5.932122528069057,25.89426564635623,0.5504272719192704,True,Optimization terminated successfully.,results/zipf_hybrid_mechpenalty/summary.json
grimms_fairy_tales,Grimm's Fairy Tales,102114,4746,0.1,6.073250306594582,-124380.16627905704,-0.0008434420025887623,"eml[sub[x,1],eml[x,1]]",0.37901918161068504,True,"pow[mul[x,x],eml[1,x]]",105.61121649378303,1.224408848244322,5.933426444489619,25.893957515125617,0.5504705215659491,True,Optimization terminated successfully.,results/zipf_hybrid_mechpenalty/summary.json
grimms_fairy_tales,Grimm's Fairy Tales,102114,4746,1.0,6.073250602108432,-124380.17233118069,-0.0008308568769282432,"sub[sqrt[x],pow[x,x]]",0.3790618906193024,True,"pow[mul[x,x],eml[1,x]]",105.64789848590966,1.2245165538042195,5.933408940030911,25.89453866091448,0.5505115455229251,True,Optimization terminated successfully.,results/zipf_hybrid_mechpenalty/summary.json
grimms_fairy_tales,Grimm's Fairy Tales,102114,4746,10.0,6.0732506888218065,-124380.1741070706,-0.000819435939658858,"sub[sqrt[x],pow[x,x]]",0.37908928718440527,True,"pow[mul[x,x],eml[1,x]]",105.67151263352562,1.2242556542140146,5.933402669647901,25.892762293740383,0.5505379472884793,True,Optimization terminated successfully.,results/zipf_hybrid_mechpenalty/summary.json
grimms_fairy_tales,Grimm's Fairy Tales,102114,4746,100.0,6.073247978878372,-124380.11860742906,-0.000842039910402409,"eml[sub[x,1],eml[x,1]]",0.3790018671392825,True,"pow[mul[x,x],eml[1,x]]",105.68031555906558,1.2244418675976905,5.933605804980413,25.895004625009594,0.550547787877767,True,Optimization terminated successfully.,results/zipf_hybrid_mechpenalty/summary.json
don_quixote,Don Quixote,433304,15574,0.01,6.494384302821047,-563277.4337365779,-0.0003832101921354414,"eml[sub[x,1],eml[x,1]]",0.3741872531358913,True,"pow[mul[x,x],eml[1,x]]",70.26854857096068,1.1263052223803105,1.7732249993734701,1.9035578939871203,0.44050207710011696,True,Optimization terminated successfully.,results/zipf_hybrid_mechpenalty/summary.json
don_quixote,Don Quixote,433304,15574,0.1,6.494369246986996,-563276.1278989231,-0.0004195451162988528,"eml[sub[x,1],eml[x,1]]",0.3731814796666767,True,"pow[mul[x,x],eml[1,x]]",70.29175718005985,1.1228791975048356,1.7725965336901526,1.8985193166819996,0.4405362859128464,True,Optimization terminated successfully.,results/zipf_hybrid_mechpenalty/summary.json
don_quixote,Don Quixote,433304,15574,1.0,6.49439763987248,-563278.5904990598,-0.0004718743891027888,"eml[sub[x,1],eml[x,1]]",0.37350868553830274,True,"pow[mul[x,x],eml[1,x]]",70.32814393712637,1.1193421067784035,1.7734918118306808,1.8920184380342642,0.4405898962020107,True,Optimization terminated successfully.,results/zipf_hybrid_mechpenalty/summary.json
don_quixote,Don Quixote,433304,15574,10.0,6.494444212551711,-563282.6298872476,-0.000526289718922629,"eml[sub[x,1],eml[x,1]]",0.374319501319472,True,"pow[mul[x,x],eml[1,x]]",70.36537380141343,1.1159685360074083,1.7748749942964532,1.8853883315020026,0.4406447199789583,True,Optimization terminated successfully.,results/zipf_hybrid_mechpenalty/summary.json
don_quixote,Don Quixote,433304,15574,100.0,6.691530092846797,-580376.4795428813,0.014084147631280325,"sub[div[x,1],sqrt[x]]",0.3438199879944651,True,"pow[mul[x,x],eml[1,x]]",70.62345978792315,1.3078072807127124,1.7733176982770493,16.952897152327044,0.44102397537484433,True,Optimization terminated successfully.,results/zipf_hybrid_mechpenalty/summary.json
pride_and_prejudice,Pride and Prejudice,128565,6729,0.01,6.334699665064615,-163815.33333857093,-0.0014574965133864193,"eml[sub[x,1],eml[x,1]]",0.4075358009757861,True,"pow[mul[x,x],eml[1,x]]",121.31025428025825,4.9995087869936885,1.753103893582824,96.30153950583427,0.5443898759016588,True,Optimization terminated successfully.,results/zipf_hybrid_mechpenalty/summary.json
pride_and_prejudice,Pride and Prejudice,128565,6729,0.1,6.334735475946774,-163816.25940798357,-0.0014467850758133616,"eml[sub[x,1],eml[x,1]]",0.40811655080488773,True,"pow[mul[x,x],eml[1,x]]",117.45524681012816,4.9994533183658705,1.7540965556691346,96.51550600751344,0.5407260116056923,True,Optimization terminated successfully.,results/zipf_hybrid_mechpenalty/summary.json
pride_and_prejudice,Pride and Prejudice,128565,6729,1.0,6.334759960929823,-163816.89258964523,-0.0014390524918285186,"eml[sub[x,1],eml[x,1]]",0.4085096540242029,True,"pow[mul[x,x],eml[1,x]]",114.82188470079052,4.999412825388092,1.7547251240037918,96.62112949422604,0.5381534207202903,True,Optimization terminated successfully.,results/zipf_hybrid_mechpenalty/summary.json
pride_and_prejudice,Pride and Prejudice,128565,6729,10.0,6.644899149169561,-171837.09199752484,1.8097889693166296,"mul[mul[x,x],eml[x,1]]",2.0296701310963843,True,"pow[add[x,x],add[x,x]]",4999.999380121156,3.1733032012999445,5.999468045160316,0.0015960801378014366,0.96630557870198,True,Optimization terminated successfully.,results/zipf_hybrid_mechpenalty/summary.json
pride_and_prejudice,Pride and Prejudice,128565,6729,100.0,6.35329388289429,-164296.17981164635,0.001443777831773435,"sub[sqrt[x],pow[x,x]]",0.42543972344173087,True,"pow[mul[x,x],eml[1,x]]",4999.999378560455,1.0008442875928028,5.9994943182000995,0.001596080137793927,0.9663055786665666,True,Optimization terminated successfully.,results/zipf_hybrid_mechpenalty/summary.json
canterbury_tales,Canterbury Tales,281189,17653,0.01,6.804524656867,-385006.80961019173,0.0003776050460680691,"eml[sub[x,1],eml[x,1]]",0.4654297537028699,True,"pow[mul[x,x],eml[1,x]]",155.72904963136054,4.999434660571547,1.3790516613579922,9.94456121834959,0.5162381256193375,True,Optimization terminated successfully.,results/zipf_hybrid_mechpenalty/summary.json
canterbury_tales,Canterbury Tales,281189,17653,0.1,6.804374136300444,-384998.2930060154,0.0003309387991146384,"eml[sub[x,1],eml[x,1]]",0.4647378494532266,True,"pow[mul[x,x],eml[1,x]]",156.7715590200698,4.999438830704367,1.3838434884316555,10.297690795381262,0.5169204349693277,True,Optimization terminated successfully.,results/zipf_hybrid_mechpenalty/summary.json
canterbury_tales,Canterbury Tales,281189,17653,1.0,6.866652706126655,-388522.0767653523,0.4608551249616346,"sub[eml[x,1],add[1,x]]",0.9561965510838687,True,"mul[mul[x,x],add[x,x]]",4999.999379576358,2.779238960340823,5.999527607634161,0.0015960801377943312,0.8709978851163035,True,Optimization terminated successfully.,results/zipf_hybrid_mechpenalty/summary.json
canterbury_tales,Canterbury Tales,281189,17653,10.0,6.8173069194150075,-385730.04280742054,0.010267874440062497,"mul[sub[1,x],mul[x,x]]",0.5365846319273717,True,"eml[mul[x,x],eml[1,x]]",2172.397233724181,2.1067663255644486,5.0484624543663035,0.7091771384389668,0.7857503739412226,True,Optimization terminated successfully.,results/zipf_hybrid_mechpenalty/summary.json
canterbury_tales,Canterbury Tales,281189,17653,100.0,7.064356245166557,-399708.340707769,0.06951171684181973,"sub[sqrt[x],mul[x,x]]",0.6213751096379123,True,"eml[mul[x,x],eml[1,x]]",216.44489244716272,4.103139851266488,5.999663436187446,0.0012614247229001208,0.549905142014804,True,Optimization terminated successfully.,results/zipf_hybrid_mechpenalty/summary.json
arabian_nights_vol1,Arabian Nights (Vol 1),176048,13883,0.01,6.685583959951384,-235065.13203189068,-0.0005820714423601936,"eml[sub[x,1],eml[x,1]]",0.535065530777627,True,"eml[mul[x,x],eml[1,x]]",135.0083705581321,3.9355598829946925,1.4259113632434592,5.87364333924626,0.5142713993671854,True,Optimization terminated successfully.,results/zipf_hybrid_mechpenalty/summary.json
arabian_nights_vol1,Arabian Nights (Vol 1),176048,13883,0.1,6.685634438969337,-235066.90687416188,-0.0007088022539383509,"eml[sub[x,1],eml[x,1]]",0.5325831971549014,True,"eml[mul[x,x],eml[1,x]]",138.15478673444878,3.7579473038222524,1.423090495479619,5.854013791073075,0.516686675492093,True,Optimization terminated successfully.,results/zipf_hybrid_mechpenalty/summary.json
arabian_nights_vol1,Arabian Nights (Vol 1),176048,13883,1.0,6.685684933730621,-235068.68226996865,-0.0007460366532265894,"eml[sub[x,1],eml[x,1]]",0.5325862594409919,True,"eml[mul[x,x],eml[1,x]]",142.51412631582724,3.6396085883805966,1.42086313795057,5.833353600611474,0.5199436537034343,True,Optimization terminated successfully.,results/zipf_hybrid_mechpenalty/summary.json
arabian_nights_vol1,Arabian Nights (Vol 1),176048,13883,10.0,6.689140202294788,-235190.16951268475,0.001425168623880757,"sub[sqrt[x],pow[x,x]]",0.5852883125928587,True,"eml[mul[x,x],eml[1,x]]",4999.999379862467,1.4979186316875177,5.999471381050899,4.672195838375713,0.8929353871734728,True,Optimization terminated successfully.,results/zipf_hybrid_mechpenalty/summary.json
arabian_nights_vol1,Arabian Nights (Vol 1),176048,13883,100.0,6.686817036769962,-235108.48701283184,-0.0007114242690628436,"eml[sub[x,1],eml[x,1]]",0.5534320558893352,True,"eml[mul[x,x],eml[1,x]]",4254.6470296645,1.7607323232678684,3.869460050451324,14.037574686113489,0.8760116222139122,True,Optimization terminated successfully.,results/zipf_hybrid_mechpenalty/summary.json
aesops_fables,Aesop's Fables,41594,4394,0.01,6.223545777120492,-51437.605847900864,0.001911340737952294,"sub[sqrt[x],pow[x,x]]",0.6279265771874389,True,"eml[mul[x,x],eml[1,x]]",64.86252525131906,4.135808191275837,1.497793619113623,7.457480175089526,0.4974096799273335,True,Optimization terminated successfully.,results/zipf_hybrid_mechpenalty/summary.json
aesops_fables,Aesop's Fables,41594,4394,0.1,6.223672521709564,-51438.65339192955,0.0008530388300799219,"sub[sqrt[x],pow[x,x]]",0.6231293674103747,True,"eml[mul[x,x],eml[1,x]]",67.66368655193054,3.7818468473994913,1.4935168777842296,7.425022759110032,0.502450170893918,True,Optimization terminated successfully.,results/zipf_hybrid_mechpenalty/summary.json
aesops_fables,Aesop's Fables,41594,4394,1.0,6.223736768379895,-51439.18439065984,0.0004161018815234119,"sub[sqrt[x],pow[x,x]]",0.6211587276849201,True,"eml[mul[x,x],eml[1,x]]",72.21286403284567,3.621744578874847,1.4907307891223185,7.374263293202964,0.5102075136160507,True,Optimization terminated successfully.,results/zipf_hybrid_mechpenalty/summary.json
aesops_fables,Aesop's Fables,41594,4394,10.0,6.224407476713551,-51444.7277950375,0.010524845877951577,"sub[pow[x,x],sqrt[x]]",0.4803865765752482,True,"eml[mul[x,x],eml[1,x]]",4393.999496255145,1.5560103649463075,5.608484112859124,6.589895285306677,0.9999999863323948,True,Optimization terminated successfully.,results/zipf_hybrid_mechpenalty/summary.json
aesops_fables,Aesop's Fables,41594,4394,100.0,6.227058449360711,-51466.638083966274,0.0001586160100709999,"sub[sqrt[x],pow[x,x]]",0.6378661590703807,True,"eml[mul[x,x],eml[1,x]]",2070.062075905286,1.459879271674387,2.074039487743763,23.012081931570926,0.9102692173662682,True,Optimization terminated successfully.,results/zipf_hybrid_mechpenalty/summary.json
complete_sherlock_holmes,Complete Sherlock Holmes,105863,7817,0.01,6.448903914060531,-135336.6975404743,-0.0006885942178437299,"eml[sub[x,1],eml[x,1]]",0.474305616598103,True,"eml[mul[x,x],eml[1,x]]",106.5906362794159,4.999359334611504,1.4654994318098895,15.139200006684971,0.520857478055553,True,Optimization terminated successfully.,results/zipf_hybrid_mechpenalty/summary.json
complete_sherlock_holmes,Complete Sherlock Holmes,105863,7817,0.1,6.448979680747697,-135338.28758017116,-0.0007225600870689186,"eml[sub[x,1],eml[x,1]]",0.475811972429653,True,"eml[mul[x,x],eml[1,x]]",106.63895430713255,4.999338690049333,1.467669526074604,15.26555351224729,0.52090803573843,True,Optimization terminated successfully.,results/zipf_hybrid_mechpenalty/summary.json
complete_sherlock_holmes,Complete Sherlock Holmes,105863,7817,1.0,6.580277809232136,-138093.7101045456,0.8982917915364773,"eml[mul[x,x],eml[1,x]]",1.4048785462440978,True,"mul[mul[x,x],eml[x,1]]",4999.999380424595,2.7190763053345735,5.999468049360332,9.10555647153462,0.9501494575304608,True,Optimization terminated successfully.,results/zipf_hybrid_mechpenalty/summary.json
complete_sherlock_holmes,Complete Sherlock Holmes,105863,7817,10.0,6.449117286661417,-135341.1753778765,0.00048744348135404403,"sub[sqrt[x],pow[x,x]]",0.47898249347536015,True,"eml[mul[x,x],eml[1,x]]",107.83737851260325,2.607238045962429,1.6434860119654713,3.727044643726484,0.5221547334011327,True,Optimization terminated successfully.,results/zipf_hybrid_mechpenalty/summary.json
complete_sherlock_holmes,Complete Sherlock Holmes,105863,7817,100.0,6.449045255221423,-135339.66372607677,2.132924288553162e-05,"sub[sqrt[x],pow[x,x]]",0.47534766147425767,True,"eml[mul[x,x],eml[1,x]]",107.78818203884008,2.6102695619191025,1.6429604960128132,3.743608597146222,0.5221038285502378,True,Optimization terminated successfully.,results/zipf_hybrid_mechpenalty/summary.json
jane_eyre,Jane Eyre,189604,12541,0.01,6.640138072832315,-252053.00110664184,-0.0008761692350548189,"eml[sub[x,1],eml[x,1]]",0.4426656073170723,True,"pow[mul[x,x],eml[1,x]]",83.09476585207187,1.332008145465201,1.878470447187355,3.3437735657626546,0.46837923081263,True,Optimization terminated successfully.,results/zipf_hybrid_mechpenalty/summary.json
jane_eyre,Jane Eyre,189604,12541,0.1,6.640207647330734,-252055.64208502733,-0.0009059554282722093,"eml[sub[x,1],eml[x,1]]",0.44261279200977544,True,"pow[mul[x,x],eml[1,x]]",82.93346479906769,1.3283356436654548,1.8781158502216477,3.346758608049007,0.4681733278708032,True,Optimization terminated successfully.,results/zipf_hybrid_mechpenalty/summary.json
jane_eyre,Jane Eyre,189604,12541,1.0,6.640298748131298,-252059.10018031593,-0.00094001193215279,"eml[sub[x,1],eml[x,1]]",0.4427285287498549,True,"pow[mul[x,x],eml[1,x]]",82.80047186027295,1.3241933778429789,1.8781442773879322,3.3440373298869273,0.4680032591747162,True,Optimization terminated successfully.,results/zipf_hybrid_mechpenalty/summary.json
jane_eyre,Jane Eyre,189604,12541,10.0,6.930154007887527,-263061.71598540264,0.07120019781100578,"mul[sub[x,1],add[x,x]]",0.31511399464518886,True,"pow[mul[x,x],eml[1,x]]",94.86711943878534,1.8681525384219508,1.8785251368283629,53.69364701119213,0.48241958748509833,True,Optimization terminated successfully.,results/zipf_hybrid_mechpenalty/summary.json
jane_eyre,Jane Eyre,189604,12541,100.0,6.682442126223957,-253658.82066933517,0.0013756232276477265,"eml[log[x],add[1,x]]",0.4417970354995213,True,"pow[mul[x,x],eml[1,x]]",117.98299434304242,1.5873413364631999,2.8017698456316085,26.128866531151647,0.5055274509909813,True,Optimization terminated successfully.,results/zipf_hybrid_mechpenalty/summary.json
dubliners,Dubliners,69264,7157,0.01,6.517220601713122,-90452.50473117642,-0.0012939269524014918,"eml[sub[x,1],eml[x,1]]",0.6312901040212743,True,"eml[mul[x,x],eml[1,x]]",102.56715300908586,0.3186230189691567,1.3830745841804324,7.684213980520352,0.5216987363956841,True,Optimization terminated successfully.,results/zipf_hybrid_mechpenalty/summary.json
dubliners,Dubliners,69264,7157,0.1,6.517312160735382,-90453.77547884636,-0.0013285012404734842,"eml[sub[x,1],eml[x,1]]",0.6323145514496633,True,"eml[mul[x,x],eml[1,x]]",102.38967146189331,0.3286614121003644,1.3856678091526002,7.776523610019483,0.5215036121849072,True,Optimization terminated successfully.,results/zipf_hybrid_mechpenalty/summary.json
dubliners,Dubliners,69264,7157,1.0,6.517381512802062,-90454.7380161798,-0.00135016210694211,"eml[sub[x,1],eml[x,1]]",0.6330038485834617,True,"eml[mul[x,x],eml[1,x]]",102.46677379840497,0.33348285330882327,1.3877543988326295,7.862434474639033,0.521588420445459,True,Optimization terminated successfully.,results/zipf_hybrid_mechpenalty/summary.json
dubliners,Dubliners,69264,7157,10.0,6.517437408351043,-90455.51379050412,-0.001364899097528044,"eml[sub[x,1],eml[x,1]]",0.6335448176513673,True,"eml[mul[x,x],eml[1,x]]",102.53668720904344,0.3369053604484712,1.3895270558212143,7.941954877517661,0.5216652661402155,True,Optimization terminated successfully.,results/zipf_hybrid_mechpenalty/summary.json
dubliners,Dubliners,69264,7157,100.0,6.5174894421934875,-90456.23596820341,-0.0013776380380637332,"eml[sub[x,1],eml[x,1]]",0.6340263395275416,True,"eml[mul[x,x],eml[1,x]]",102.60456405638918,0.340311901143968,1.3911918760486313,8.019294275632834,0.5217398232229787,True,Optimization terminated successfully.,results/zipf_hybrid_mechpenalty/summary.json
the_iliad,The Iliad,194969,12300,0.01,6.8804239183336975,-268673.67358701257,0.041475640420214926,"eml[neg[x],add[x,x]]",0.3550633366601156,True,"pow[mul[x,x],eml[1,x]]",135.17903528953306,0.050000000254746796,1.366441854166466,8.837598562768761,0.521016816942495,True,Optimization terminated successfully.,results/zipf_hybrid_mechpenalty/summary.json
the_iliad,The Iliad,194969,12300,0.1,6.87809158265459,-268582.5982110791,0.00038185232342388686,"eml[sub[x,1],eml[x,1]]",0.37426737489109707,True,"pow[mul[x,x],eml[1,x]]",144.96720059161447,0.4520555613214515,1.4225607499485664,10.537251939248678,0.5284400722262136,True,Optimization terminated successfully.,results/zipf_hybrid_mechpenalty/summary.json
the_iliad,The Iliad,194969,12300,1.0,6.878081399898542,-268582.20058463817,0.0003141763127353092,"eml[sub[x,1],eml[x,1]]",0.3758586486448907,True,"pow[mul[x,x],eml[1,x]]",145.65732890530788,0.4671214206540302,1.429434388648647,10.986600564198344,0.5289443844203229,True,Optimization terminated successfully.,results/zipf_hybrid_mechpenalty/summary.json
the_iliad,The Iliad,194969,12300,10.0,6.878062466944764,-268581.46127172606,0.0002743432542522406,"eml[sub[x,1],eml[x,1]]",0.37681135915383257,True,"pow[mul[x,x],eml[1,x]]",145.67078264648174,0.485391126931261,1.4351965086135294,11.432783786699467,0.5289541919978489,True,Optimization terminated successfully.,results/zipf_hybrid_mechpenalty/summary.json
the_iliad,The Iliad,194969,12300,100.0,6.878055161643667,-268581.17600702355,0.00020385185414736884,"eml[sub[x,1],eml[x,1]]",0.37666989135302553,True,"pow[mul[x,x],eml[1,x]]",145.61621135198612,0.4978487940874696,1.4395394593636315,11.812625290932381,0.5289144047186066,True,Optimization terminated successfully.,results/zipf_hybrid_mechpenalty/summary.json
democracy_in_america,Democracy in America,187753,9301,0.01,6.310539469479433,-237642.29534165649,0.0004316605257476125,"eml[sub[x,1],eml[x,1]]",0.3508612920041408,True,"pow[mul[x,x],eml[1,x]]",117.98740232720965,1.039135249550734,1.3805759739923897,6.032103679433636,0.5220663130273769,True,Optimization terminated successfully.,results/zipf_hybrid_mechpenalty/summary.json
democracy_in_america,Democracy in America,187753,9301,0.1,6.348338698594432,-239065.73871166914,0.22840618734048337,"div[sqrt[x],eml[x,x]]",0.650016932237937,True,"eml[mul[x,x],eml[1,x]]",1184.6074787868351,1.8204167626054115,5.9995712938316075,0.001596080137793443,0.7744869625714332,True,Optimization terminated successfully.,results/zipf_hybrid_mechpenalty/summary.json
democracy_in_america,Democracy in America,187753,9301,1.0,6.312225320061417,-237705.78110287286,0.0010973269895051263,"eml[sub[x,1],eml[x,1]]",0.3536511469562301,True,"pow[mul[x,x],eml[1,x]]",120.30670833114331,1.8008383189805885,1.0014011676303292,0.0016311445841717396,0.5241966246438466,True,Optimization terminated successfully.,results/zipf_hybrid_mechpenalty/summary.json
democracy_in_america,Democracy in America,187753,9301,10.0,6.311823221136617,-237690.6388615627,0.0008120852405388568,"eml[sub[x,1],eml[x,1]]",0.34419159473548055,True,"pow[mul[x,x],eml[1,x]]",117.0365412740175,1.8137722958947158,1.0014011676303292,0.0018691411403732243,0.5211808060291548,True,Optimization terminated successfully.,results/zipf_hybrid_mechpenalty/summary.json
democracy_in_america,Democracy in America,187753,9301,100.0,6.330574119788491,-238396.76020299498,0.004197634139942064,"sub[sqrt[x],pow[x,x]]",0.3749374233910905,True,"pow[mul[x,x],eml[1,x]]",193.78587514243873,1.7281255526255639,5.999607675873522,0.0016257717585986917,0.5763651335759715,True,Optimization terminated successfully.,results/zipf_hybrid_mechpenalty/summary.json
origin_of_species,Origin of Species,156024,6887,0.01,6.373698730785917,-199356.54890152192,-5.556200972622882e-05,"eml[sub[x,1],eml[x,1]]",0.31006688371604096,True,"pow[mul[x,x],eml[1,x]]",101.34861757811832,1.1356590094525723,1.5368615770861696,13.531064524390725,0.5226164948707078,True,Optimization terminated successfully.,results/zipf_hybrid_mechpenalty/summary.json
origin_of_species,Origin of Species,156024,6887,0.1,6.417496221600333,-200726.4468192152,0.15275626694734476,"div[sqrt[x],eml[x,x]]",0.5199274665559204,True,"eml[mul[x,x],eml[1,x]]",582.8834257527382,1.6635522527342186,5.99935261370319,0.0015960801377943312,0.7205732228686133,True,Optimization terminated successfully.,results/zipf_hybrid_mechpenalty/summary.json
origin_of_species,Origin of Species,156024,6887,1.0,6.376440986003278,-199442.32116021053,0.006340258257848147,"eml[neg[x],add[x,x]]",0.30523831469890417,True,"pow[mul[x,x],eml[1,x]]",102.51825345459436,1.3968731726021664,1.0019717681680829,0.0022061469767758485,0.5239149134501114,True,Optimization terminated successfully.,results/zipf_hybrid_mechpenalty/summary.json
origin_of_species,Origin of Species,156024,6887,10.0,6.3856437353038835,-199730.16475283485,0.008144996551445821,"sub[sqrt[x],pow[x,x]]",0.3487787714571283,True,"pow[mul[x,x],eml[1,x]]",160.31373648717565,1.3753706136654857,2.790715671776309,0.18757279962817255,0.5745058503472568,True,Optimization terminated successfully.,results/zipf_hybrid_mechpenalty/summary.json
origin_of_species,Origin of Species,156024,6887,100.0,6.382669334743493,-199637.131452107,0.0018492790914510782,"div[sub[1,x],eml[1,x]]",0.3228833603652743,True,"pow[mul[x,x],eml[1,x]]",160.2514282882658,1.3885180310446483,2.6665638832052108,0.38998205000290254,0.5744618622872312,True,Optimization terminated successfully.,results/zipf_hybrid_mechpenalty/summary.json
wealth_of_nations,Wealth of Nations,380080,9478,0.01,6.153907153699176,-467684.63586683,-0.0009465846926356714,"eml[sub[x,1],eml[x,1]]",0.3102430302400606,True,"pow[mul[x,x],eml[1,x]]",57.89031835115029,0.8449499247066583,2.4279189731287163,1.5956059037340382,0.44323145672331543,True,Optimization terminated successfully.,results/zipf_hybrid_mechpenalty/summary.json
wealth_of_nations,Wealth of Nations,380080,9478,0.1,6.153912661465799,-467685.05444607773,-0.0009510726942526804,"eml[sub[x,1],eml[x,1]]",0.3103512133790526,True,"pow[mul[x,x],eml[1,x]]",57.89121925633516,0.8446648305109905,2.428420800097769,1.5963341487356524,0.4432331562556314,True,Optimization terminated successfully.,results/zipf_hybrid_mechpenalty/summary.json
wealth_of_nations,Wealth of Nations,380080,9478,1.0,6.153915156493214,-467685.2440631713,-0.0009622038007360556,"eml[sub[x,1],eml[x,1]]",0.3101885707879314,True,"pow[mul[x,x],eml[1,x]]",57.88829583506155,0.8445263991832358,2.4290324545787043,1.5966760411391783,0.44322764120720615,True,Optimization terminated successfully.,results/zipf_hybrid_mechpenalty/summary.json
wealth_of_nations,Wealth of Nations,380080,9478,10.0,6.1539263832399165,-467686.09727346717,-0.0009603883885560549,"eml[sub[x,1],eml[x,1]]",0.31067260316258183,True,"pow[mul[x,x],eml[1,x]]",57.882183360562976,0.8442184146785964,2.429387689148202,1.597309213900029,0.44321610909436926,True,Optimization terminated successfully.,results/zipf_hybrid_mechpenalty/summary.json
wealth_of_nations,Wealth of Nations,380080,9478,100.0,6.153932083385938,-467686.5304731646,-0.0009629164802616719,"eml[sub[x,1],eml[x,1]]",0.31084462111558664,True,"pow[mul[x,x],eml[1,x]]",57.87740018566811,0.843876577310689,2.4301549920846384,1.5976340446073416,0.4432070840580375,True,Optimization terminated successfully.,results/zipf_hybrid_mechpenalty/summary.json
les_miserables,Les Miserables,575614,22677,0.01,6.8001733408128215,-784910.00786332,-0.0008637904006603692,"eml[sub[x,1],eml[x,1]]",0.3867357984477706,True,"pow[mul[x,x],eml[1,x]]",44.57722854949139,1.8976108384727004,1.5216081784219961,2.191657937444141,0.37862028565160855,True,Optimization terminated successfully.,results/zipf_hybrid_mechpenalty/summary.json
les_miserables,Les Miserables,575614,22677,0.1,6.800220700688515,-784915.4743769718,-0.0008817999925436193,"eml[sub[x,1],eml[x,1]]",0.3866699917020324,True,"pow[mul[x,x],eml[1,x]]",44.93237183751308,1.8909536689142594,1.5235102706597359,2.194762483176533,0.37941151798377915,True,Optimization terminated successfully.,results/zipf_hybrid_mechpenalty/summary.json
les_miserables,Les Miserables,575614,22677,1.0,6.800294688001112,-784924.0143625283,-0.0009015605315825792,"eml[sub[x,1],eml[x,1]]",0.38707581386274625,True,"pow[mul[x,x],eml[1,x]]",45.31941551811669,1.8843283412808216,1.5254709664576784,2.195563000415461,0.3802667315580694,True,Optimization terminated successfully.,results/zipf_hybrid_mechpenalty/summary.json
les_miserables,Les Miserables,575614,22677,10.0,6.800368321935039,-784932.5135593519,-0.0009226799568784472,"eml[sub[x,1],eml[x,1]]",0.38742553813990155,True,"pow[mul[x,x],eml[1,x]]",45.70685826846648,1.8780764818599085,1.527289132317561,2.194266109810412,0.38111554285366783,True,Optimization terminated successfully.,results/zipf_hybrid_mechpenalty/summary.json
les_miserables,Les Miserables,575614,22677,100.0,6.800444403893097,-784941.2953193608,-0.0009394446481889862,"eml[sub[x,1],eml[x,1]]",0.3878878049794102,True,"pow[mul[x,x],eml[1,x]]",46.08016692154315,1.8717814648237456,1.5290168221823668,2.1924783373921715,0.38192661018762303,True,Optimization terminated successfully.,results/zipf_hybrid_mechpenalty/summary.json
decline_and_fall_vol1,Decline and Fall Vol 1,262698,15983,0.01,6.717759356887849,-354200.57985126873,0.05895840935966784,"eml[neg[x],add[x,x]]",0.3602217993515119,True,"pow[mul[x,x],eml[1,x]]",156.95763865746775,0.26630447951069053,1.2550194377284953,4.962766067451528,0.5223503672132801,True,Optimization terminated successfully.,results/zipf_hybrid_mechpenalty/summary.json
decline_and_fall_vol1,Decline and Fall Vol 1,262698,15983,0.1,6.716407380588885,-354129.29554892954,0.0023099749477493714,"div[sub[1,x],eml[1,x]]",0.3969517347373779,True,"pow[mul[x,x],eml[1,x]]",170.69157157556594,1.864869305765821,2.9473036184582972,3.7282288901696994,0.5310165379758,True,Optimization terminated successfully.,results/zipf_hybrid_mechpenalty/summary.json
decline_and_fall_vol1,Decline and Fall Vol 1,262698,15983,1.0,6.71623776253716,-354120.3522675343,0.0014687433399240557,"eml[sub[x,1],eml[x,1]]",0.3936775842547223,True,"pow[mul[x,x],eml[1,x]]",167.76403380514242,1.847719087721212,2.9035451420339835,3.6400565830178686,0.5292292335634419,True,Optimization terminated successfully.,results/zipf_hybrid_mechpenalty/summary.json
decline_and_fall_vol1,Decline and Fall Vol 1,262698,15983,10.0,6.7161645816952795,-354116.49373446533,0.0013567014502551267,"eml[sub[x,1],eml[x,1]]",0.39146519571550054,True,"pow[mul[x,x],eml[1,x]]",165.65306816481603,1.833671202969283,2.8808122710179482,3.5603562450054285,0.5279209978654024,True,Optimization terminated successfully.,results/zipf_hybrid_mechpenalty/summary.json
decline_and_fall_vol1,Decline and Fall Vol 1,262698,15983,100.0,6.716065254303519,-354111.25659840734,0.0011540416478121596,"eml[sub[x,1],eml[x,1]]",0.3871781524918857,True,"pow[mul[x,x],eml[1,x]]",165.69793135736214,1.8235787245338155,2.8669502958157222,3.4918174603607555,0.527948974069885,True,Optimization terminated successfully.,results/zipf_hybrid_mechpenalty/summary.json
emile,Emile,252843,11174,0.01,6.487042368210023,-329055.2241274534,0.0006331349646863937,"sub[sqrt[x],pow[x,x]]",0.404475577240033,True,"pow[mul[x,x],eml[1,x]]",91.34094772356369,3.451608254485219,1.5197791935960814,11.394424099312278,0.4843291625162282,True,Optimization terminated successfully.,results/zipf_hybrid_mechpenalty/summary.json
emile,Emile,252843,11174,0.1,6.487074247430257,-329056.8412008998,-9.860921254545296e-07,"sub[sqrt[x],pow[x,x]]",0.4030767163675554,True,"pow[mul[x,x],eml[1,x]]",93.29827146155164,3.2077955697433524,1.5180869820969638,11.405950045023921,0.48660376963444407,True,Optimization terminated successfully.,results/zipf_hybrid_mechpenalty/summary.json
emile,Emile,252843,11174,1.0,6.501815682039663,-329804.6004714619,0.12256832983582253,"eml[log[x],add[1,x]]",0.5568960781530019,True,"eml[mul[x,x],eml[1,x]]",4999.999494845022,2.079717611568145,5.999564299241144,5.724816740947514,0.9137300630251206,True,Optimization terminated successfully.,results/zipf_hybrid_mechpenalty/summary.json
emile,Emile,252843,11174,10.0,6.486664102557857,-329036.0366022473,0.0007771515549549746,"sub[sqrt[x],pow[x,x]]",0.4063679577274478,True,"pow[mul[x,x],eml[1,x]]",3879.401601456524,1.8065643603034582,3.9838926844805864,3.9140305962662376,0.8865068567178901,True,Optimization terminated successfully.,results/zipf_hybrid_mechpenalty/summary.json
emile,Emile,252843,11174,100.0,6.486614436645336,-329033.5172988347,0.0001315656891371919,"sub[sqrt[x],pow[x,x]]",0.40468347811124583,True,"pow[mul[x,x],eml[1,x]]",3871.244396775077,1.8043078266079728,3.9901331853777435,3.449445167253644,0.8862810405488567,True,Optimization terminated successfully.,results/zipf_hybrid_mechpenalty/summary.json
ulysses,Ulysses,268854,28990,0.01,7.351417017450564,-393344.91893570987,-0.0003010312715741592,"eml[sub[x,1],eml[x,1]]",0.6726510432104359,True,"eml[mul[x,x],eml[1,x]]",215.9203040304714,3.0876263692524275,1.0760887129894912,1.2246035053171689,0.5231204922739485,True,Optimization terminated successfully.,results/zipf_hybrid_mechpenalty/summary.json
ulysses,Ulysses,268854,28990,0.1,7.35154354946195,-393351.6891575111,-0.0003204058988343639,"eml[sub[x,1],eml[x,1]]",0.6746397249639067,True,"eml[mul[x,x],eml[1,x]]",215.30537413069638,3.1343724316649766,1.079725639905234,1.2316906480512824,0.5228429162994044,True,Optimization terminated successfully.,results/zipf_hybrid_mechpenalty/summary.json
ulysses,Ulysses,268854,28990,1.0,7.38426704446705,-395102.59248125396,0.29963569263691364,"div[mul[x,x],add[1,x]]",0.9879559660053281,True,"mul[mul[x,x],add[x,x]]",4999.999378812811,2.7608374431350193,2.9714414786392034,1.2318141812332377,0.8289476003714659,True,Optimization terminated successfully.,results/zipf_hybrid_mechpenalty/summary.json
ulysses,Ulysses,268854,28990,10.0,7.355358180439568,-393555.7948025995,0.0020873625049239175,"sub[sqrt[x],pow[x,x]]",0.7215413372524028,True,"eml[mul[x,x],eml[1,x]]",4443.298825584915,3.0223726156868045,1.6833789845517542,1.5998944319325457,0.8174591250477174,True,Optimization terminated successfully.,results/zipf_hybrid_mechpenalty/summary.json
ulysses,Ulysses,268854,28990,100.0,7.401479849094251,-396023.580805637,0.008652339100448547,"sub[div[x,1],sqrt[x]]",0.62507252773635,True,"eml[mul[x,x],eml[1,x]]",2222.0453912276653,3.098987385318046,1.6276715980551406,21.260198994780364,0.7500149621454947,True,Optimization terminated successfully.,results/zipf_hybrid_mechpenalty/summary.json
collected_poe,Collected Poe,91801,9312,0.01,6.666460738573231,-122722.8757363946,0.0020925375023407577,"sub[sqrt[x],pow[x,x]]",0.5355175720880488,True,"eml[mul[x,x],eml[1,x]]",117.28713642433675,2.2650600315389213,1.3068177237343115,5.438272328318421,0.5213474381914153,True,Optimization terminated successfully.,results/zipf_hybrid_mechpenalty/summary.json
collected_poe,Collected Poe,91801,9312,0.1,6.666452850222116,-122722.73051973894,0.0020778353719054232,"sub[sqrt[x],pow[x,x]]",0.5353510138054566,True,"eml[mul[x,x],eml[1,x]]",117.28512303781245,2.26387982779429,1.306525025263168,5.43038780618896,0.5213455598306295,True,Optimization terminated successfully.,results/zipf_hybrid_mechpenalty/summary.json
collected_poe,Collected Poe,91801,9312,1.0,6.691595366654466,-123185.57910474206,0.23298068756458798,"div[mul[x,x],add[1,x]]",0.8325206334428943,True,"eml[mul[x,x],eml[1,x]]",4044.768349145362,2.173000548426246,5.999360722624693,0.001596080137793443,0.9087565147513078,True,Optimization terminated successfully.,results/zipf_hybrid_mechpenalty/summary.json
collected_poe,Collected Poe,91801,9312,10.0,6.666806220141216,-122729.23570657964,-0.0004649731386911493,"sub[sqrt[x],pow[x,x]]",0.5151188588645442,True,"eml[mul[x,x],eml[1,x]]",114.29514760995568,2.139495402317627,1.0014011676303292,0.0035429881016873378,0.5185199076469357,True,Optimization terminated successfully.,results/zipf_hybrid_mechpenalty/summary.json
collected_poe,Collected Poe,91801,9312,100.0,6.689425090697417,-123145.62649464875,0.00487806644542596,"sub[sqrt[x],pow[x,x]]",0.5932033085789867,True,"eml[mul[x,x],eml[1,x]]",284.6796224226263,1.711149928438005,5.999487795091932,0.001596080137793927,0.6183748579588083,True,Optimization terminated successfully.,results/zipf_hybrid_mechpenalty/summary.json
principia_ethica,Principia Ethica,98676,3814,0.01,5.90892846439118,-115679.09254738613,-0.0014878826952830493,"eml[sub[x,1],eml[x,1]]",0.33935505154651324,True,"pow[mul[x,x],eml[1,x]]",72.84535350105345,0.6959858798145394,1.8752536006220828,99.9994594222081,0.5200234258929187,True,Optimization terminated successfully.,results/zipf_hybrid_mechpenalty/summary.json
principia_ethica,Principia Ethica,98676,3814,0.1,5.90893096503513,-115679.14150249274,-0.0014756659491854673,"eml[sub[x,1],eml[x,1]]",0.33943086234067477,True,"pow[mul[x,x],eml[1,x]]",73.02846674316545,0.6954307851771,1.8752696852976116,99.99948979062896,0.5203278692084481,True,Optimization terminated successfully.,results/zipf_hybrid_mechpenalty/summary.json
principia_ethica,Principia Ethica,98676,3814,1.0,5.908936240116713,-115679.24477276488,-0.001464915745243045,"eml[sub[x,1],eml[x,1]]",0.33976992678284634,True,"pow[mul[x,x],eml[1,x]]",73.05777226580005,0.695129382216395,1.8754390538814618,99.99949106140485,0.5203765215770014,True,Optimization terminated successfully.,results/zipf_hybrid_mechpenalty/summary.json
principia_ethica,Principia Ethica,98676,3814,10.0,5.9089302342787375,-115679.12719647484,-0.0014796447455420747,"eml[sub[x,1],eml[x,1]]",0.33935212626692124,True,"pow[mul[x,x],eml[1,x]]",73.04828580909978,0.6956063879017356,1.8752397697819914,99.99947107902119,0.5203607745118203,True,Optimization terminated successfully.,results/zipf_hybrid_mechpenalty/summary.json
principia_ethica,Principia Ethica,98676,3814,100.0,5.908934944556472,-115679.21940958205,-0.001467357254108903,"eml[sub[x,1],eml[x,1]]",0.3396767346671774,True,"pow[mul[x,x],eml[1,x]]",73.02714467318992,0.6953124430012577,1.875380775452186,99.99956548071351,0.5203256738774242,True,Optimization terminated successfully.,results/zipf_hybrid_mechpenalty/summary.json
critique_of_pure_reason,Critique of Pure Reason,209795,6537,0.01,5.95236178854506,-249320.6258749984,-0.0005259055085557185,"eml[sub[x,1],eml[x,1]]",0.38366850939518615,True,"pow[mul[x,x],eml[1,x]]",98.78788577650396,0.49309242730476016,1.6656261670719328,18.056581346232978,0.5228062428861471,True,Optimization terminated successfully.,results/zipf_hybrid_mechpenalty/summary.json
critique_of_pure_reason,Critique of Pure Reason,209795,6537,0.1,5.952102260038946,-249309.75526399128,0.00033760964533563476,"sub[pow[x,x],sqrt[x]]",0.3745690580407306,True,"pow[mul[x,x],eml[1,x]]",98.83496942625017,0.5812502590709494,1.662334361303159,18.226221972225638,0.5228604816320829,True,Optimization terminated successfully.,results/zipf_hybrid_mechpenalty/summary.json
critique_of_pure_reason,Critique of Pure Reason,209795,6537,1.0,5.952073344427013,-249308.54410466985,0.0009112558442261887,"sub[pow[x,x],sqrt[x]]",0.3727523627491336,True,"pow[mul[x,x],eml[1,x]]",98.6398448676193,0.5929034380335404,1.6623630008175383,18.446562988042402,0.5226355362709195,True,Optimization terminated successfully.,results/zipf_hybrid_mechpenalty/summary.json
critique_of_pure_reason,Critique of Pure Reason,209795,6537,10.0,5.959630365569128,-249625.07749222848,-0.00020953866007156208,"eml[sub[x,1],eml[x,1]]",0.4007029760519877,True,"pow[mul[x,x],eml[1,x]]",2137.558178320856,0.6236713906875461,5.999589861341042,0.0015960801377943312,0.8727621537303349,True,Optimization terminated successfully.,results/zipf_hybrid_mechpenalty/summary.json
critique_of_pure_reason,Critique of Pure Reason,209795,6537,100.0,5.957635466886555,-249541.51916601023,0.0003484104533270638,"sub[pow[x,x],sqrt[x]]",0.39143910540849125,True,"pow[mul[x,x],eml[1,x]]",2003.847078461199,0.6331071355127089,2.709001579801045,99.99997990970965,0.8654094446282415,True,Optimization terminated successfully.,results/zipf_hybrid_mechpenalty/summary.json
