slug,corpus,gate_family,seed,a1,b1,c1,a2,b2,c2,k,w_gate,w_tail,BIC,final_rmse,k_hit_lower_bound,k_hit_upper_bound,w_gate_hit_lower_bound,w_gate_hit_upper_bound,w_tail_hit_lower_bound,w_tail_hit_upper_bound,any_bounds_hit,best_start_index,best_nfev,wall_clock_seconds,peak_memory_mb,starts_within_1_bic,optimizer_warm_start_info,dispersion_min_bic,dispersion_median_bic,dispersion_max_bic,dispersion_across_starts,parameter_source
shakespeare,Complete Works of Shakespeare,logistic,20260415,22.64646034505051,2.9999999999999996,69.61237522655568,24.20989776577515,2.4144397463838225,999.999999322514,517.4663388923394,1.258563342765574,0.5913099397347501,-107202.19167109909,0.11153510001717021,False,False,False,False,False,False,False,55,62,1278.549824476242,77.30859375,52,100 random starts; best objective selected; per-start dispersion summarized.,-107202.19167109909,-107202.18973910078,-83638.12395974768,min=-107202.19167109909;median=-107202.18973910078;max=-83638.12395974768;within1=52,s2_v3_logistic_local_params.csv for a/b/c; s2_v3_per_fit_results.csv for k/w/BIC/RMSE
shakespeare,Complete Works of Shakespeare,tanh,20260415,,,,,,,517.5152657580732,2.5170249503996702,0.591252394784849,-107202.19167523627,0.1115351000077369,False,False,False,False,False,False,False,31,39,586.9085643291473,77.890625,54,100 random starts; best objective selected; per-start dispersion summarized.,-107202.19167523627,-107202.19030694276,-69037.06800179843,min=-107202.19167523627;median=-107202.19030694276;max=-69037.06800179843;within1=54,non-logistic a/b/c coefficients not saved in source bundle
shakespeare,Complete Works of Shakespeare,erf,20260415,,,,,,,512.0969048918904,2.646616716431199,0.5945358040620649,-108101.40890738324,0.10950349362891101,False,False,False,False,False,False,False,59,101,3087.1635081768036,77.71875,56,100 random starts; best objective selected; per-start dispersion summarized.,-108101.40890738324,-108101.40706250118,-66151.27114531944,min=-108101.40890738324;median=-108101.40706250118;max=-66151.27114531944;within1=56,non-logistic a/b/c coefficients not saved in source bundle
shakespeare,Complete Works of Shakespeare,algebraic,20260415,,,,,,,553.7149062042863,2.932272172991808,0.5511467470956031,-106146.18280283248,0.11396912170577009,False,False,False,False,False,False,False,6,56,89.61912512779236,77.5546875,55,100 random starts; best objective selected; per-start dispersion summarized.,-106146.18280283248,-106146.1810765395,-68792.97552660933,min=-106146.18280283248;median=-106146.1810765395;max=-68792.97552660933;within1=55,non-logistic a/b/c coefficients not saved in source bundle
shakespeare,Complete Works of Shakespeare,arctan,20260415,,,,,,,612.9607358775938,2.195557946002509,0.49358693033326606,-105034.13459780993,0.116589752379728,False,False,False,False,False,False,False,11,76,86.73515796661377,77.3671875,37,100 random starts; best objective selected; per-start dispersion summarized.,-105034.13459780993,-101921.5046549493,-78671.77231865739,min=-105034.13459780993;median=-101921.5046549493;max=-78671.77231865739;within1=37,non-logistic a/b/c coefficients not saved in source bundle
war_and_peace,War and Peace,logistic,20260415,21.856213514991094,2.9999999999999996,62.50943891846266,23.731386701820796,2.4285551793665774,999.9999958080166,402.1368994965282,1.3028139350590078,0.5675252631030604,-74492.98242225933,0.11793748717960319,False,False,False,False,False,False,False,8,42,145.01654052734375,76.61328125,43,100 random starts; best objective selected; per-start dispersion summarized.,-74492.98242225933,-68372.04924344568,-61570.07346110165,min=-74492.98242225933;median=-68372.04924344568;max=-61570.07346110165;within1=43,s2_v3_logistic_local_params.csv for a/b/c; s2_v3_per_fit_results.csv for k/w/BIC/RMSE
war_and_peace,War and Peace,tanh,20260415,,,,,,,402.13502756543687,2.605619240227813,0.5675280827945244,-74492.98242253733,0.11793748717866348,False,False,False,False,False,False,False,69,65,156.4014766216278,76.28515625,45,100 random starts; best objective selected; per-start dispersion summarized.,-74492.98242253733,-68372.05084761148,-51679.22199710689,min=-74492.98242253733;median=-68372.05084761148;max=-51679.22199710689;within1=45,non-logistic a/b/c coefficients not saved in source bundle
war_and_peace,War and Peace,erf,20260415,,,,,,,399.33160818921266,2.7104365107531745,0.5689269322805923,-75085.70964905884,0.11595083424114638,False,False,False,False,False,False,False,94,74,865.3762187957764,76.9921875,40,100 random starts; best objective selected; per-start dispersion summarized.,-75085.70964905884,-72076.26573149246,-49971.52775390684,min=-75085.70964905884;median=-72076.26573149246;max=-49971.52775390684;within1=40,non-logistic a/b/c coefficients not saved in source bundle
war_and_peace,War and Peace,algebraic,20260415,,,,,,,422.8649810468973,3.070042592875544,0.5388709065533849,-73780.17465811853,0.12037174864912,False,False,False,False,False,False,False,22,78,102.57392525672913,76.29296875,36,100 random starts; best objective selected; per-start dispersion summarized.,-73780.17465811853,-68311.78784234598,-51510.50165134278,min=-73780.17465811853;median=-68311.78784234598;max=-51510.50165134278;within1=36,non-logistic a/b/c coefficients not saved in source bundle
war_and_peace,War and Peace,arctan,20260415,,,,,,,460.8819085548519,2.3370495168398664,0.49125661035269497,-73032.65848999507,0.1229785315506581,False,False,False,False,False,False,False,35,49,89.45107007026672,76.890625,27,100 random starts; best objective selected; per-start dispersion summarized.,-73032.65848999507,-68274.1914413617,-58270.134891188136,min=-73032.65848999507;median=-68274.1914413617;max=-58270.134891188136;within1=27,non-logistic a/b/c coefficients not saved in source bundle
moby_dick,Moby Dick,logistic,20260415,21.676039103034746,2.9999999999999996,93.20721341396573,18.161952191911993,1.891433182884684,999.9999999920541,446.6266561420926,1.100347752347754,0.4336530328681744,-72573.62170450532,0.11734443827784789,False,False,False,False,False,False,False,45,72,665.8326630592346,75.94140625,40,100 random starts; best objective selected; per-start dispersion summarized.,-72573.62170450532,-71888.00328730939,-63117.780229887,min=-72573.62170450532;median=-71888.00328730939;max=-63117.780229887;within1=40,s2_v3_logistic_local_params.csv for a/b/c; s2_v3_per_fit_results.csv for k/w/BIC/RMSE
moby_dick,Moby Dick,tanh,20260415,,,,,,,446.60030461378864,2.200665261111239,0.4336786652322412,-72573.62170684822,0.11734443826974082,False,False,False,False,False,False,False,20,59,339.4736726284027,76.02734375,51,100 random starts; best objective selected; per-start dispersion summarized.,-72573.62170684822,-72573.62100693904,-61496.20125026595,min=-72573.62170684822;median=-72573.62100693904;max=-61496.20125026595;within1=51,non-logistic a/b/c coefficients not saved in source bundle
moby_dick,Moby Dick,erf,20260415,,,,,,,423.40622775409474,2.3984910164998943,0.45496415247858146,-72936.24002689857,0.11609636816905518,False,False,False,False,False,False,False,82,76,2728.698386192322,75.08203125,43,100 random starts; best objective selected; per-start dispersion summarized.,-72936.24002689857,-71981.52624283612,-60526.21562142142,min=-72936.24002689857;median=-71981.52624283612;max=-60526.21562142142;within1=43,non-logistic a/b/c coefficients not saved in source bundle
moby_dick,Moby Dick,algebraic,20260415,,,,,,,522.690206652638,2.468722492392112,0.36728771512240993,-72185.25011864981,0.11869603077263666,False,False,False,False,False,False,False,54,132,61.79367160797119,75.08203125,30,100 random starts; best objective selected; per-start dispersion summarized.,-72185.25011864981,-63755.73412931904,-61495.05184026381,min=-72185.25011864981;median=-63755.73412931904;max=-61495.05184026381;within1=30,non-logistic a/b/c coefficients not saved in source bundle
moby_dick,Moby Dick,arctan,20260415,,,,,,,274.4490429217702,0.5089905527313849,0.7180965009410862,-71764.9994097636,0.12017611012303012,False,False,False,False,False,False,False,74,30,88.0042872428894,75.0859375,39,100 random starts; best objective selected; per-start dispersion summarized.,-71764.9994097636,-70659.60604109388,-62860.47588622724,min=-71764.9994097636;median=-70659.60604109388;max=-62860.47588622724;within1=39,non-logistic a/b/c coefficients not saved in source bundle
king_james_bible,King James Bible,logistic,20260415,22.47724326481948,2.9999999999999996,65.75199838785488,25.32651610740785,2.6950021761653615,999.9999999999999,340.08967553183896,1.1885901599104254,0.48148130277371004,-54532.91035585803,0.1135918613925013,False,False,False,False,False,False,False,84,159,99.24402666091919,76.44140625,28,100 random starts; best objective selected; per-start dispersion summarized.,-54532.91035585803,-49246.723299164645,-43647.63296784994,min=-54532.91035585803;median=-49246.723299164645;max=-43647.63296784994;within1=28,s2_v3_logistic_local_params.csv for a/b/c; s2_v3_per_fit_results.csv for k/w/BIC/RMSE
king_james_bible,King James Bible,tanh,20260415,,,,,,,340.05673962023656,2.377344167369687,0.4815299142301039,-54532.91035319385,0.11359186140455345,False,False,False,False,False,False,False,22,52,206.3336682319641,76.33984375,39,100 random starts; best objective selected; per-start dispersion summarized.,-54532.91035319385,-49246.96172802405,-47352.394369587106,min=-54532.91035319385;median=-49246.96172802405;max=-47352.394369587106;within1=39,non-logistic a/b/c coefficients not saved in source bundle
king_james_bible,King James Bible,erf,20260415,,,,,,,336.73410430578775,2.5297298828594363,0.4849071325684716,-54922.18483900748,0.11184445304443172,False,False,False,False,False,False,False,90,35,2396.536383152008,76.44140625,27,100 random starts; best objective selected; per-start dispersion summarized.,-54922.18483900748,-49325.50501968004,-47487.060159390734,min=-54922.18483900748;median=-49325.50501968004;max=-47487.060159390734;within1=27,non-logistic a/b/c coefficients not saved in source bundle
king_james_bible,King James Bible,algebraic,20260415,,,,,,,358.20793522769117,2.699899270210287,0.45613912103015847,-53992.76984779752,0.11606180292856474,False,False,False,False,False,False,False,22,46,71.77945804595947,76.39453125,29,100 random starts; best objective selected; per-start dispersion summarized.,-53992.76984779752,-49225.3610086497,-47003.4556712486,min=-53992.76984779752;median=-49225.3610086497;max=-47003.4556712486;within1=29,non-logistic a/b/c coefficients not saved in source bundle
king_james_bible,King James Bible,arctan,20260415,,,,,,,389.0140464439944,1.9922640579834885,0.4175163052390686,-53366.46858760771,0.11899305586856328,False,False,False,False,False,False,False,23,66,55.46792936325073,76.43359375,11,100 random starts; best objective selected; per-start dispersion summarized.,-53366.46858760771,-49201.06932976145,-40995.93620001588,min=-53366.46858760771;median=-49201.06932976145;max=-40995.93620001588;within1=11,non-logistic a/b/c coefficients not saved in source bundle
federalist_papers,Federalist Papers,logistic,20260415,19.604045374856756,2.9999999999997424,35.96065437042965,25.107956378296105,2.739312473910759,999.9999999991721,227.8853693709266,1.448613949934828,0.4806638375852616,-37240.2216892983,0.11468227166965213,False,False,False,False,False,False,False,39,53,273.5113649368286,73.37109375,16,100 random starts; best objective selected; per-start dispersion summarized.,-37240.2216892983,-33673.62010733668,-31029.300267949908,min=-37240.2216892983;median=-33673.62010733668;max=-31029.300267949908;within1=16,s2_v3_logistic_local_params.csv for a/b/c; s2_v3_per_fit_results.csv for k/w/BIC/RMSE
federalist_papers,Federalist Papers,tanh,20260415,,,,,,,227.87669924680884,2.897440187188677,0.48068325213757884,-37240.221685498516,0.11468227169493743,False,False,False,False,False,False,False,77,115,359.17766213417053,73.46875,22,100 random starts; best objective selected; per-start dispersion summarized.,-37240.221685498516,-33674.15014043701,-27685.783749445174,min=-37240.221685498516;median=-33674.15014043701;max=-27685.783749445174;within1=22,non-logistic a/b/c coefficients not saved in source bundle
federalist_papers,Federalist Papers,erf,20260415,,,,,,,208.760943341056,3.0844813201684413,0.5252815816654005,-37414.615315046096,0.11352763509452228,False,False,False,False,False,False,False,68,56,1962.8360447883606,73.34765625,21,100 random starts; best objective selected; per-start dispersion summarized.,-37414.615315046096,-33714.29880095974,-32700.471810301744,min=-37414.615315046096;median=-33714.29880095974;max=-32700.471810301744;within1=21,non-logistic a/b/c coefficients not saved in source bundle
federalist_papers,Federalist Papers,algebraic,20260415,,,,,,,260.227522534587,3.247875286088577,0.417801013780216,-36989.98396019653,0.11635960656543179,False,False,False,False,False,False,False,60,67,111.77105665206909,73.296875,26,100 random starts; best objective selected; per-start dispersion summarized.,-36989.98396019653,-33633.540972673356,-32387.27222225768,min=-36989.98396019653;median=-33633.540972673356;max=-32387.27222225768;within1=26,non-logistic a/b/c coefficients not saved in source bundle
federalist_papers,Federalist Papers,arctan,20260415,,,,,,,300.96889127434827,2.3771114009282104,0.35722961823932503,-36667.99445767984,0.1185540340360809,False,False,False,False,False,False,False,73,68,42.202903270721436,73.30078125,14,100 random starts; best objective selected; per-start dispersion summarized.,-36667.99445767984,-33625.77397086809,-30065.198146759267,min=-36667.99445767984;median=-33625.77397086809;max=-30065.198146759267;within1=14,non-logistic a/b/c coefficients not saved in source bundle
grimms_fairy_tales,Grimm's Fairy Tales,logistic,20260415,9.518537512697073,0.9531943312385701,1.4268457918087638,20.816989829656663,2.4882409819652804,999.9999999999998,286.5136139790723,0.2383793152353836,0.1918463086498984,-21038.285202306233,0.108126970949065,False,False,False,False,False,False,False,45,42,595.8297472000122,72.79296875,6,100 random starts; best objective selected; per-start dispersion summarized.,-21038.285202306233,-18704.6184437983,-17972.249317345042,min=-21038.285202306233;median=-18704.6184437983;max=-17972.249317345042;within1=6,s2_v3_logistic_local_params.csv for a/b/c; s2_v3_per_fit_results.csv for k/w/BIC/RMSE
grimms_fairy_tales,Grimm's Fairy Tales,tanh,20260415,,,,,,,286.510984506243,0.4767629180723582,0.19184819371655598,-21038.285202556326,0.10812697094621611,False,False,False,False,False,False,False,52,54,463.4693627357483,72.7890625,4,100 random starts; best objective selected; per-start dispersion summarized.,-21038.285202556326,-18704.757789885207,-17972.24931958074,min=-21038.285202556326;median=-18704.757789885207;max=-17972.24931958074;within1=4,non-logistic a/b/c coefficients not saved in source bundle
grimms_fairy_tales,Grimm's Fairy Tales,erf,20260415,,,,,,,94.19115163606668,3.7772873911919547,0.6156776276782503,-21051.085809775424,0.10798125265355524,False,False,False,False,False,False,False,69,110,680.4644596576691,72.78515625,21,100 random starts; best objective selected; per-start dispersion summarized.,-21051.085809775424,-18747.872764343945,-17983.32785651367,min=-21051.085809775424;median=-18747.872764343945;max=-17983.32785651367;within1=21,non-logistic a/b/c coefficients not saved in source bundle
grimms_fairy_tales,Grimm's Fairy Tales,algebraic,20260415,,,,,,,263.00112345405887,0.5853900798014107,0.21005902366417067,-21046.017664844752,0.10803892340440861,False,False,False,False,False,False,False,41,44,646.3629865646362,72.79296875,7,100 random starts; best objective selected; per-start dispersion summarized.,-21046.017664844752,-18643.31544680131,-17954.23530601777,min=-21046.017664844752;median=-18643.31544680131;max=-17954.23530601777;within1=7,non-logistic a/b/c coefficients not saved in source bundle
grimms_fairy_tales,Grimm's Fairy Tales,arctan,20260415,,,,,,,254.25852977614286,0.40562303013171275,0.2169274900353751,-21048.746612440034,0.10800786670591098,False,False,False,False,False,False,False,47,35,544.1363592147827,72.79296875,14,100 random starts; best objective selected; per-start dispersion summarized.,-21048.746612440034,-18610.41752059955,-17872.33593911751,min=-21048.746612440034;median=-18610.41752059955;max=-17872.33593911751;within1=14,non-logistic a/b/c coefficients not saved in source bundle
don_quixote,Don Quixote,logistic,20260415,21.813155664961293,2.9999999999999996,65.5758418679199,21.845845424221423,2.2745149960083233,999.9999999455003,374.17998395204523,1.238491694513578,0.5168446852077543,-67569.4065401943,0.11393913449962723,False,False,False,False,False,False,False,34,44,100.19526743888855,75.05078125,40,100 random starts; best objective selected; per-start dispersion summarized.,-67569.4065401943,-59909.920291138915,-57795.897159353575,min=-67569.4065401943;median=-59909.920291138915;max=-57795.897159353575;within1=40,s2_v3_logistic_local_params.csv for a/b/c; s2_v3_per_fit_results.csv for k/w/BIC/RMSE
don_quixote,Don Quixote,tanh,20260415,,,,,,,374.2093630906587,2.4770137602047235,0.5168029292547975,-67569.40653962821,0.113939134501698,False,False,False,False,False,False,False,54,90,141.5151298046112,75.27734375,48,100 random starts; best objective selected; per-start dispersion summarized.,-67569.40653962821,-66142.37923797149,-51999.890554568185,min=-67569.40653962821;median=-66142.37923797149;max=-51999.890554568185;within1=48,non-logistic a/b/c coefficients not saved in source bundle
don_quixote,Don Quixote,erf,20260415,,,,,,,358.8562758582806,2.6603760597471293,0.5373544564793289,-67949.52577718663,0.11255711138941255,False,False,False,False,False,False,False,3,67,1543.8774938583374,75.32421875,41,100 random starts; best objective selected; per-start dispersion summarized.,-67949.52577718663,-66409.02794904566,-50057.90179766461,min=-67949.52577718663;median=-66409.02794904566;max=-50057.90179766461;within1=41,non-logistic a/b/c coefficients not saved in source bundle
don_quixote,Don Quixote,algebraic,20260415,,,,,,,414.83099004167457,2.7958556251294806,0.4637548069048751,-67088.84588850157,0.11571065212606312,False,False,False,False,False,False,False,22,78,84.97480535507202,74.9765625,42,100 random starts; best objective selected; per-start dispersion summarized.,-67088.84588850157,-59857.820721244876,-51694.202787002854,min=-67088.84588850157;median=-59857.820721244876;max=-51694.202787002854;within1=42,non-logistic a/b/c coefficients not saved in source bundle
don_quixote,Don Quixote,arctan,20260415,,,,,,,472.51414315007156,2.047603954997738,0.4024578435844373,-66530.2376492074,0.11780452664092325,False,False,False,False,False,False,False,28,56,74.37858748435974,74.98046875,16,100 random starts; best objective selected; per-start dispersion summarized.,-66530.2376492074,-59845.87535514759,-56392.81337004669,min=-66530.2376492074;median=-59845.87535514759;max=-56392.81337004669;within1=16,non-logistic a/b/c coefficients not saved in source bundle
pride_and_prejudice,Pride and Prejudice,logistic,20260415,20.45026279577496,2.999999999999857,57.471033871739735,23.393597982505046,2.64107059936287,999.9999988801097,211.37443753298047,1.4217162380992094,0.37236888450608635,-29819.61001044498,0.10843027758050294,False,False,False,False,False,False,False,60,111,535.221750497818,72.31640625,25,100 random starts; best objective selected; per-start dispersion summarized.,-29819.61001044498,-25899.09393768755,-24939.121504086786,min=-29819.61001044498;median=-25899.09393768755;max=-24939.121504086786;within1=25,s2_v3_logistic_local_params.csv for a/b/c; s2_v3_per_fit_results.csv for k/w/BIC/RMSE
pride_and_prejudice,Pride and Prejudice,tanh,20260415,,,,,,,211.38289789600483,2.8434182013057203,0.3723534746043651,-29819.610011240537,0.1084302775740932,False,False,False,False,False,False,False,39,64,522.6118161678314,72.20703125,28,100 random starts; best objective selected; per-start dispersion summarized.,-29819.610011240537,-25900.239715700634,-24648.02001515516,min=-29819.610011240537;median=-25900.239715700634;max=-24648.02001515516;within1=28,non-logistic a/b/c coefficients not saved in source bundle
pride_and_prejudice,Pride and Prejudice,erf,20260415,,,,,,,188.7356305528288,3.0555412059880673,0.4196181327186189,-29858.72224880925,0.10811561015530731,False,False,False,False,False,False,False,88,81,1382.3059022426605,72.1484375,19,100 random starts; best objective selected; per-start dispersion summarized.,-29858.72224880925,-25938.675696191793,-24409.504049161336,min=-29858.72224880925;median=-25938.675696191793;max=-24409.504049161336;within1=19,non-logistic a/b/c coefficients not saved in source bundle
pride_and_prejudice,Pride and Prejudice,algebraic,20260415,,,,,,,242.10643443109151,3.0866221149899093,0.3204287594833344,-29744.879210534924,0.10903405383552892,False,False,False,False,False,False,False,53,111,195.7372691631317,72.09375,18,100 random starts; best objective selected; per-start dispersion summarized.,-29744.879210534924,-25850.137149994145,-24578.340876830236,min=-29744.879210534924;median=-25850.137149994145;max=-24578.340876830236;within1=18,non-logistic a/b/c coefficients not saved in source bundle
pride_and_prejudice,Pride and Prejudice,arctan,20260415,,,,,,,153.96475550148102,0.9898489545910135,0.5122223433848797,-29591.632196920826,0.11028272668769792,False,False,False,False,False,False,False,23,59,38.90374040603638,72.09375,13,100 random starts; best objective selected; per-start dispersion summarized.,-29591.632196920826,-25821.567292104697,-24899.971805342586,min=-29591.632196920826;median=-25821.567292104697;max=-24899.971805342586;within1=13,non-logistic a/b/c coefficients not saved in source bundle
canterbury_tales,Canterbury Tales,logistic,20260415,21.513011859474833,2.999999999999997,66.14955296662522,19.180846804581513,1.9755605611279707,999.9999999992546,231.42645316925285,1.524570752400384,0.8591194229321376,-77302.73954179128,0.1116931530691017,False,False,False,False,False,False,False,49,74,1688.218076467514,75.6796875,54,100 random starts; best objective selected; per-start dispersion summarized.,-77302.73954179128,-77302.73877963636,-64888.93659696765,min=-77302.73954179128;median=-77302.73877963636;max=-64888.93659696765;within1=54,s2_v3_logistic_local_params.csv for a/b/c; s2_v3_per_fit_results.csv for k/w/BIC/RMSE
canterbury_tales,Canterbury Tales,tanh,20260415,,,,,,,231.39798086982026,3.0492301094179948,0.8592273326368882,-77302.73953743283,0.11169315308289,False,False,False,False,False,False,False,78,178,761.3986599445343,76.046875,62,100 random starts; best objective selected; per-start dispersion summarized.,-77302.73953743283,-77302.73929386973,-64260.104596293066,min=-77302.73953743283;median=-77302.73929386973;max=-64260.104596293066;within1=62,non-logistic a/b/c coefficients not saved in source bundle
canterbury_tales,Canterbury Tales,erf,20260415,,,,,,,204.06973809343242,3.1733354287062143,0.9737523453444294,-77502.92720830099,0.11106163658359915,False,False,False,False,False,False,False,41,46,1939.1930084228516,76.08203125,59,100 random starts; best objective selected; per-start dispersion summarized.,-77502.92720830099,-77502.92694938365,-63358.5981189942,min=-77502.92720830099;median=-77502.92694938365;max=-63358.5981189942;within1=59,non-logistic a/b/c coefficients not saved in source bundle
canterbury_tales,Canterbury Tales,algebraic,20260415,,,,,,,298.64351449702775,3.5580915736427965,0.656061929792002,-77110.540706041,0.1123028463788381,False,False,False,False,False,False,False,90,69,612.8726627826691,76.08203125,40,100 random starts; best objective selected; per-start dispersion summarized.,-77110.540706041,-76680.1576264862,-64141.28044818472,min=-77110.540706041;median=-76680.1576264862;max=-64141.28044818472;within1=40,non-logistic a/b/c coefficients not saved in source bundle
canterbury_tales,Canterbury Tales,arctan,20260415,,,,,,,373.71078069305145,2.618339087733559,0.5120979535329396,-76707.60418270087,0.11359186583782768,False,False,False,False,False,False,False,35,51,873.557254076004,76.09375,11,100 random starts; best objective selected; per-start dispersion summarized.,-76707.60418270087,-76636.70751123122,-63442.55609486576,min=-76707.60418270087;median=-76636.70751123122;max=-63442.55609486576;within1=11,non-logistic a/b/c coefficients not saved in source bundle
arabian_nights_vol1,Arabian Nights (Vol 1),logistic,20260415,21.075872806681282,2.999999999951201,58.58842291138375,18.592399235804347,1.9832761266984238,999.9999997862136,117.66504681776608,1.6332426634536885,1.2059007770169066,-62148.98979809186,0.1063090951224931,False,False,False,False,False,False,False,88,101,1925.5428833961487,75.5625,47,100 random starts; best objective selected; per-start dispersion summarized.,-62148.98979809186,-61892.16123978996,-49167.793225250025,min=-62148.98979809186;median=-61892.16123978996;max=-49167.793225250025;within1=47,s2_v3_logistic_local_params.csv for a/b/c; s2_v3_per_fit_results.csv for k/w/BIC/RMSE
arabian_nights_vol1,Arabian Nights (Vol 1),tanh,20260415,,,,,,,117.66931662319607,3.2665129262427754,1.2058569926484868,-62148.989798105526,0.1063090951224408,False,False,False,False,False,False,False,72,79,2171.3892533779144,75.49609375,48,100 random starts; best objective selected; per-start dispersion summarized.,-62148.989798105526,-61892.16124345499,-49167.7932988606,min=-62148.989798105526;median=-61892.16124345499;max=-49167.7932988606;within1=48,non-logistic a/b/c coefficients not saved in source bundle
arabian_nights_vol1,Arabian Nights (Vol 1),erf,20260415,,,,,,,98.18320419389575,3.3231848346838904,1.4457805577609077,-62245.80677113453,0.10593905258172043,False,False,False,False,False,False,False,59,74,2876.7967762947083,75.4296875,51,100 random starts; best objective selected; per-start dispersion summarized.,-62245.80677113453,-62245.80636078838,-49168.63169038692,min=-62245.80677113453;median=-62245.80636078838;max=-49168.63169038692;within1=51,non-logistic a/b/c coefficients not saved in source bundle
arabian_nights_vol1,Arabian Nights (Vol 1),algebraic,20260415,,,,,,,216.4796615532203,3.8231850130818685,0.6405634434770424,-62079.617358463474,0.10657503699241677,False,False,False,False,False,False,False,90,70,1043.126967906952,75.44921875,31,100 random starts; best objective selected; per-start dispersion summarized.,-62079.617358463474,-61880.693797506756,-47753.682022928864,min=-62079.617358463474;median=-61880.693797506756;max=-47753.682022928864;within1=31,non-logistic a/b/c coefficients not saved in source bundle
arabian_nights_vol1,Arabian Nights (Vol 1),arctan,20260415,,,,,,,318.85933158809826,0.5632724490262015,0.4292585945518322,-61835.07851509696,0.10751780291188766,False,False,False,False,False,False,False,90,132,323.28231620788574,75.453125,54,100 random starts; best objective selected; per-start dispersion summarized.,-61835.07851509696,-61835.07841065141,-47651.16611624128,min=-61835.07851509696;median=-61835.07841065141;max=-47651.16611624128;within1=54,non-logistic a/b/c coefficients not saved in source bundle
aesops_fables,Aesop's Fables,logistic,20260415,8.312413807409754,0.9070190850212664,0.16662818658979064,17.654716039235584,2.154993866981873,999.9999999999999,223.99213588551177,0.2857743291995335,0.19440055225392386,-19411.00432153534,0.10889204481322816,False,False,False,False,False,False,False,40,42,313.7023358345032,72.21875,2,100 random starts; best objective selected; per-start dispersion summarized.,-19411.00432153534,-16848.384715257922,-15687.506037148394,min=-19411.00432153534;median=-16848.384715257922;max=-15687.506037148394;within1=2,s2_v3_logistic_local_params.csv for a/b/c; s2_v3_per_fit_results.csv for k/w/BIC/RMSE
aesops_fables,Aesop's Fables,tanh,20260415,,,,,,,223.99010773058015,0.5715327371033329,0.1944023559651666,-19411.00432170216,0.10889204481116112,False,False,False,False,False,False,False,6,215,207.74549555778503,72.25390625,2,100 random starts; best objective selected; per-start dispersion summarized.,-19411.00432170216,-16848.571181137275,-15687.62280577324,min=-19411.00432170216;median=-16848.571181137275;max=-15687.62280577324;within1=2,non-logistic a/b/c coefficients not saved in source bundle
aesops_fables,Aesop's Fables,erf,20260415,,,,,,,209.23104367329384,0.7344009526763349,0.20916656667229844,-19415.52168323879,0.10883608460089764,False,False,False,False,False,False,False,9,35,541.6133725643158,72.3046875,2,100 random starts; best objective selected; per-start dispersion summarized.,-19415.52168323879,-16855.808901344983,-15693.856779297243,min=-19415.52168323879;median=-16855.808901344983;max=-15693.856779297243;within1=2,non-logistic a/b/c coefficients not saved in source bundle
aesops_fables,Aesop's Fables,algebraic,20260415,,,,,,,222.9562567030431,0.5663696921669149,0.19493177817172902,-19408.545909417127,0.10892251124134805,False,False,False,False,False,False,False,25,22,42.02168083190918,72.2265625,6,100 random starts; best objective selected; per-start dispersion summarized.,-19408.545909417127,-16836.52301602708,-15681.59772407582,min=-19408.545909417127;median=-16836.52301602708;max=-15681.59772407582;within1=6,non-logistic a/b/c coefficients not saved in source bundle
aesops_fables,Aesop's Fables,arctan,20260415,,,,,,,220.62082937202607,0.3406293020836964,0.196175868569616,-19390.121795144678,0.10915110772541783,False,False,False,False,False,False,False,54,149,32.36105275154114,72.21484375,18,100 random starts; best objective selected; per-start dispersion summarized.,-19390.121795144678,-16815.686716783654,-15839.32501561999,min=-19390.121795144678;median=-16815.686716783654;max=-15839.32501561999;within1=18,non-logistic a/b/c coefficients not saved in source bundle
complete_sherlock_holmes,Complete Sherlock Holmes,logistic,20260415,20.272979610941803,2.9999999999995843,56.8891527254685,20.728776663600787,2.327397586437508,999.9999999978928,179.02866333532626,1.3541013229483325,0.4782845342793513,-34644.56437543057,0.10848579437451171,False,False,False,False,False,False,False,70,85,175.75030040740967,73.5859375,19,100 random starts; best objective selected; per-start dispersion summarized.,-34644.56437543057,-29487.199895644022,-28060.04592563245,min=-34644.56437543057;median=-29487.199895644022;max=-28060.04592563245;within1=19,s2_v3_logistic_local_params.csv for a/b/c; s2_v3_per_fit_results.csv for k/w/BIC/RMSE
complete_sherlock_holmes,Complete Sherlock Holmes,tanh,20260415,,,,,,,179.03893057636733,2.7082927308456757,0.4782566454687911,-34644.564376136404,0.10848579436961392,False,False,False,False,False,False,False,85,45,195.39812111854553,73.5078125,25,100 random starts; best objective selected; per-start dispersion summarized.,-34644.564376136404,-29487.42569229916,-28060.045559063914,min=-34644.564376136404;median=-29487.42569229916;max=-28060.045559063914;within1=25,non-logistic a/b/c coefficients not saved in source bundle
complete_sherlock_holmes,Complete Sherlock Holmes,erf,20260415,,,,,,,147.95301378220583,2.90161588550484,0.5816867681195248,-34701.679545075145,0.10809018991225387,False,False,False,False,False,False,False,61,146,2357.8815367221832,73.6328125,28,100 random starts; best objective selected; per-start dispersion summarized.,-34701.679545075145,-29509.16686361513,-28076.313923652844,min=-34701.679545075145;median=-29509.16686361513;max=-28076.313923652844;within1=28,non-logistic a/b/c coefficients not saved in source bundle
complete_sherlock_holmes,Complete Sherlock Holmes,algebraic,20260415,,,,,,,241.6538672291126,2.950293940685945,0.34675465240285563,-34569.13753486747,0.1090104529054749,False,False,False,False,False,False,False,96,127,54.50936245918274,73.4296875,19,100 random starts; best objective selected; per-start dispersion summarized.,-34569.13753486747,-29456.481509495246,-28045.005779904917,min=-34569.13753486747;median=-29456.481509495246;max=-28045.005779904917;within1=19,non-logistic a/b/c coefficients not saved in source bundle
complete_sherlock_holmes,Complete Sherlock Holmes,arctan,20260415,,,,,,,262.6055170769844,0.5195354509891241,0.3180384968471047,-34461.73098415308,0.10976193991087752,False,False,False,False,False,False,False,16,51,45.272289991378784,73.44140625,19,100 random starts; best objective selected; per-start dispersion summarized.,-34461.73098415308,-29420.893729499832,-28038.796685121495,min=-34461.73098415308;median=-29420.893729499832;max=-28038.796685121495;within1=19,non-logistic a/b/c coefficients not saved in source bundle
jane_eyre,Jane Eyre,logistic,20260415,20.905862783849756,2.999999999999982,61.881654555352384,19.61305759718062,2.080620544955192,999.9999999912203,246.00942458515152,1.4032747459265802,0.6028131191431109,-54024.32168321529,0.11563759313120449,False,False,False,False,False,False,False,36,55,191.56283593177795,75.234375,33,100 random starts; best objective selected; per-start dispersion summarized.,-54024.32168321529,-47800.489582547656,-46428.41843905196,min=-54024.32168321529;median=-47800.489582547656;max=-46428.41843905196;within1=33,s2_v3_logistic_local_params.csv for a/b/c; s2_v3_per_fit_results.csv for k/w/BIC/RMSE
jane_eyre,Jane Eyre,tanh,20260415,,,,,,,246.01218193449643,2.8064063027360038,0.6028053961443,-54024.32169076049,0.11563759309641825,False,False,False,False,False,False,False,24,62,286.24781465530396,75.203125,45,100 random starts; best objective selected; per-start dispersion summarized.,-54024.32169076049,-47800.91465884366,-46097.11479675572,min=-54024.32169076049;median=-47800.91465884366;max=-46097.11479675572;within1=45,non-logistic a/b/c coefficients not saved in source bundle
jane_eyre,Jane Eyre,erf,20260415,,,,,,,221.77697916056016,2.977627963891344,0.6687221253042294,-54202.642715371134,0.1148183806677256,False,False,False,False,False,False,False,66,301,1474.8322541713715,75.33984375,38,100 random starts; best objective selected; per-start dispersion summarized.,-54202.642715371134,-47867.31485281238,-45381.69747686074,min=-54202.642715371134;median=-47867.31485281238;max=-45381.69747686074;within1=38,non-logistic a/b/c coefficients not saved in source bundle
jane_eyre,Jane Eyre,algebraic,20260415,,,,,,,292.98473658964144,3.1929463231404434,0.5002797898951817,-53814.06834341077,0.1166110154996503,False,False,False,False,False,False,False,54,131,75.68838143348694,75.2265625,27,100 random starts; best objective selected; per-start dispersion summarized.,-53814.06834341077,-47753.989994835225,-46024.82538790822,min=-53814.06834341077;median=-47753.989994835225;max=-46024.82538790822;within1=27,non-logistic a/b/c coefficients not saved in source bundle
jane_eyre,Jane Eyre,arctan,20260415,,,,,,,296.9198558545882,0.5195390170838796,0.49587325272521615,-53563.49082068753,0.11778183704175431,False,False,False,False,False,False,False,31,28,96.39180374145508,75.125,31,100 random starts; best objective selected; per-start dispersion summarized.,-53563.49082068753,-47743.992681322554,-46919.82131336766,min=-53563.49082068753;median=-47743.992681322554;max=-46919.82131336766;within1=31,non-logistic a/b/c coefficients not saved in source bundle
dubliners,Dubliners,logistic,20260415,9.098441549121143,0.9954233534141691,1.0579276719310717,13.988523847902135,1.6455362584230855,999.9999999999999,528.0129427011852,0.1655546483460677,0.1236693160305789,-31480.905668966538,0.1102627088026476,False,False,False,False,False,False,False,48,50,362.87645745277405,72.90234375,4,100 random starts; best objective selected; per-start dispersion summarized.,-31480.905668966538,-31380.352478878063,-25887.66830854384,min=-31480.905668966538;median=-31380.352478878063;max=-25887.66830854384;within1=4,s2_v3_logistic_local_params.csv for a/b/c; s2_v3_per_fit_results.csv for k/w/BIC/RMSE
dubliners,Dubliners,tanh,20260415,,,,,,,528.0323299007182,0.33112969228656197,0.12366444260878325,-31480.905648343658,0.11026270896150847,False,False,False,False,False,False,False,49,44,609.2055745124817,72.91015625,1,100 random starts; best objective selected; per-start dispersion summarized.,-31480.905648343658,-31380.352282506246,-25887.6682149105,min=-31480.905648343658;median=-31380.352282506246;max=-25887.6682149105;within1=1,non-logistic a/b/c coefficients not saved in source bundle
dubliners,Dubliners,erf,20260415,,,,,,,522.3604258171179,0.4255221097116447,0.12516036532571942,-31484.904922407757,0.11023190630710086,False,False,False,False,False,False,False,28,48,568.7816724777222,72.82421875,9,100 random starts; best objective selected; per-start dispersion summarized.,-31484.904922407757,-31374.580068079616,-26018.286897295566,min=-31484.904922407757;median=-31374.580068079616;max=-26018.286897295566;within1=9,non-logistic a/b/c coefficients not saved in source bundle
dubliners,Dubliners,algebraic,20260415,,,,,,,504.5104051531885,0.39273724635067314,0.12987953877905356,-31483.294879474415,0.11024430592171225,False,False,False,False,False,False,False,17,40,334.8218445777893,72.828125,20,100 random starts; best objective selected; per-start dispersion summarized.,-31483.294879474415,-27148.87840891318,-25687.807617314793,min=-31483.294879474415;median=-27148.87840891318;max=-25687.807617314793;within1=20,non-logistic a/b/c coefficients not saved in source bundle
dubliners,Dubliners,arctan,20260415,,,,,,,489.33962095793794,0.27059069189012475,0.13340301016886583,-31487.88538915593,0.11020895616534584,False,False,False,False,False,False,False,49,38,80.62192845344543,72.828125,49,100 random starts; best objective selected; per-start dispersion summarized.,-31487.88538915593,-31222.504095853576,-25917.932143300965,min=-31487.88538915593;median=-31222.504095853576;max=-25917.932143300965;within1=49,non-logistic a/b/c coefficients not saved in source bundle
the_iliad,The Iliad,logistic,20260415,18.45091518193268,2.982362992598943,24.13091803449866,24.636420652478566,2.5631514236230037,999.9999999997281,114.09812194295927,2.1232928334802716,1.280625953686783,-54483.96705303369,0.10880034405744529,False,False,False,False,False,False,False,84,155,1877.1756939888,75.44140625,38,100 random starts; best objective selected; per-start dispersion summarized.,-54483.96705303369,-46059.32480589865,-44229.0974419119,min=-54483.96705303369;median=-46059.32480589865;max=-44229.0974419119;within1=38,s2_v3_logistic_local_params.csv for a/b/c; s2_v3_per_fit_results.csv for k/w/BIC/RMSE
the_iliad,The Iliad,tanh,20260415,,,,,,,114.04764255153466,4.247113575518769,1.2812037736483295,-54483.96704605789,0.10880034408829772,False,False,False,False,False,False,False,94,135,1208.2768206596375,75.453125,60,100 random starts; best objective selected; per-start dispersion summarized.,-54483.96704605789,-54483.96601305528,-44779.69572833664,min=-54483.96704605789;median=-54483.96601305528;max=-44779.69572833664;within1=60,non-logistic a/b/c coefficients not saved in source bundle
the_iliad,The Iliad,erf,20260415,,,,,,,88.40402540831631,4.166268337515849,1.6567330588840095,-54569.83226344295,0.10842124327766214,False,False,False,False,False,False,False,60,166,3232.0116815567017,75.5,46,100 random starts; best objective selected; per-start dispersion summarized.,-54569.83226344295,-49975.714834181694,-44770.72594965205,min=-54569.83226344295;median=-49975.714834181694;max=-44770.72594965205;within1=46,non-logistic a/b/c coefficients not saved in source bundle
the_iliad,The Iliad,algebraic,20260415,,,,,,,152.96342630268683,5.003288087515026,0.9438277778306365,-54393.14060747899,0.10920279176992426,False,False,False,False,False,False,False,11,83,218.57289218902588,75.5,39,100 random starts; best objective selected; per-start dispersion summarized.,-54393.14060747899,-45919.80774101298,-44757.21302094017,min=-54393.14060747899;median=-45919.80774101298;max=-44757.21302094017;within1=39,non-logistic a/b/c coefficients not saved in source bundle
the_iliad,The Iliad,arctan,20260415,,,,,,,191.89555653037965,3.7740042301185923,0.7407525395550811,-54165.455321518515,0.11021820999950488,False,False,False,False,False,False,False,9,93,48.5667085647583,75.49609375,22,100 random starts; best objective selected; per-start dispersion summarized.,-54165.455321518515,-45884.65209842568,-43437.10491296613,min=-54165.455321518515;median=-45884.65209842568;max=-43437.10491296613;within1=22,non-logistic a/b/c coefficients not saved in source bundle
democracy_in_america,Democracy in America,logistic,20260415,19.440896131484706,2.9999999999999996,34.668248316330235,24.931433979818156,2.6983405885082985,999.9999999998279,225.14364616741184,1.5039279118106115,0.5147242374278599,-40417.08174083309,0.11336429055601163,False,False,False,False,False,False,False,71,193,376.42749214172363,74.34765625,23,100 random starts; best objective selected; per-start dispersion summarized.,-40417.08174083309,-35855.57652538328,-33499.94888112502,min=-40417.08174083309;median=-35855.57652538328;max=-33499.94888112502;within1=23,s2_v3_logistic_local_params.csv for a/b/c; s2_v3_per_fit_results.csv for k/w/BIC/RMSE
democracy_in_america,Democracy in America,tanh,20260415,,,,,,,225.13068839238312,3.0079189807128413,0.5147547124182248,-40417.081742966264,0.11336429054301168,False,False,False,False,False,False,False,2,69,505.3438687324524,74.30078125,27,100 random starts; best objective selected; per-start dispersion summarized.,-40417.081742966264,-35858.0752623056,-30123.426813936363,min=-40417.081742966264;median=-35858.0752623056;max=-30123.426813936363;within1=27,non-logistic a/b/c coefficients not saved in source bundle
democracy_in_america,Democracy in America,erf,20260415,,,,,,,202.443523167002,3.1984308930826675,0.5734351162051493,-40576.5182321234,0.11239680489370021,False,False,False,False,False,False,False,69,154,2518.353537082672,74.3046875,23,100 random starts; best objective selected; per-start dispersion summarized.,-40576.5182321234,-35903.38375010522,-34920.68104433912,min=-40576.5182321234;median=-35903.38375010522;max=-34920.68104433912;within1=23,non-logistic a/b/c coefficients not saved in source bundle
democracy_in_america,Democracy in America,algebraic,20260415,,,,,,,262.42099858230506,3.3684713506059207,0.4376597029078865,-40191.934336794686,0.11474472074570434,False,False,False,False,False,False,False,63,114,51.85200834274292,74.30078125,22,100 random starts; best objective selected; per-start dispersion summarized.,-40191.934336794686,-35806.12186982267,-34585.71806144157,min=-40191.934336794686;median=-35806.12186982267;max=-34585.71806144157;within1=22,non-logistic a/b/c coefficients not saved in source bundle
democracy_in_america,Democracy in America,arctan,20260415,,,,,,,307.8858275637038,2.4595350389781117,0.3682126338568029,-39885.26475318964,0.11665206264597675,False,False,False,False,False,False,False,7,63,33.707234382629395,74.3671875,14,100 random starts; best objective selected; per-start dispersion summarized.,-39885.26475318964,-35796.63660786808,-32610.738425015166,min=-39885.26475318964;median=-35796.63660786808;max=-32610.738425015166;within1=14,non-logistic a/b/c coefficients not saved in source bundle
origin_of_species,Origin of Species,logistic,20260415,19.01535316190585,2.9999999999999996,30.253818825217426,27.132043916154633,2.990766383773015,999.9999999999999,148.50249656749972,1.830860443488672,0.6019089891491399,-30347.22868615204,0.10981041037976724,False,False,False,False,False,False,False,47,92,524.8984799385071,73.0625,23,100 random starts; best objective selected; per-start dispersion summarized.,-30347.22868615204,-27506.081973954468,-25529.29889627819,min=-30347.22868615204;median=-27506.081973954468;max=-25529.29889627819;within1=23,s2_v3_logistic_local_params.csv for a/b/c; s2_v3_per_fit_results.csv for k/w/BIC/RMSE
origin_of_species,Origin of Species,tanh,20260415,,,,,,,148.48228187455007,3.6617728967344942,0.6019932264916441,-30347.228686439914,0.10981041037747223,False,False,False,False,False,False,False,5,79,554.7552254199982,73.078125,19,100 random starts; best objective selected; per-start dispersion summarized.,-30347.228686439914,-27507.309099486825,-26997.00920162882,min=-30347.228686439914;median=-27507.309099486825;max=-26997.00920162882;within1=19,non-logistic a/b/c coefficients not saved in source bundle
origin_of_species,Origin of Species,erf,20260415,,,,,,,132.32899708731787,3.8874895750020575,0.6780624959469121,-30404.324812479175,0.1093561652595668,False,False,False,False,False,False,False,68,80,1402.006908416748,73.00390625,24,100 random starts; best objective selected; per-start dispersion summarized.,-30404.324812479175,-27551.72162740363,-27013.834151441944,min=-30404.324812479175;median=-27551.72162740363;max=-27013.834151441944;within1=24,non-logistic a/b/c coefficients not saved in source bundle
origin_of_species,Origin of Species,algebraic,20260415,,,,,,,170.46427537597378,4.0645473474617395,0.5201164289577133,-30248.311913025536,0.11060184261161528,False,False,False,False,False,False,False,1,67,368.71788024902344,73.01171875,13,100 random starts; best objective selected; per-start dispersion summarized.,-30248.311913025536,-27453.56022147013,-26975.03203598641,min=-30248.311913025536;median=-27453.56022147013;max=-26975.03203598641;within1=13,non-logistic a/b/c coefficients not saved in source bundle
origin_of_species,Origin of Species,arctan,20260415,,,,,,,194.24812633798527,2.9550059474342025,0.4520965412109101,-30092.25561814084,0.1118620619133655,False,False,False,False,False,False,False,67,73,30.84328866004944,73.0078125,4,100 random starts; best objective selected; per-start dispersion summarized.,-30092.25561814084,-27433.529478154895,-24516.12576353891,min=-30092.25561814084;median=-27433.529478154895;max=-24516.12576353891;within1=4,non-logistic a/b/c coefficients not saved in source bundle
wealth_of_nations,Wealth of Nations,logistic,20260415,20.73250209078437,2.9999999999891895,42.45038393873577,26.7496939862605,2.888426793454951,999.9999996444618,187.38223733805,1.6443238685718369,0.6629319279500829,-41659.451952953954,0.11057739541154347,False,False,False,False,False,False,False,85,194,618.0387392044067,73.13671875,23,100 random starts; best objective selected; per-start dispersion summarized.,-41659.451952953954,-37574.449820566835,-33702.00485455968,min=-41659.451952953954;median=-37574.449820566835;max=-33702.00485455968;within1=23,s2_v3_logistic_local_params.csv for a/b/c; s2_v3_per_fit_results.csv for k/w/BIC/RMSE
wealth_of_nations,Wealth of Nations,tanh,20260415,,,,,,,187.376249931434,3.288706679210889,0.6629534825125359,-41659.45195223564,0.11057739541573369,False,False,False,False,False,False,False,16,52,813.682858467102,73.203125,29,100 random starts; best objective selected; per-start dispersion summarized.,-41659.45195223564,-37575.824470075255,-36983.38291181005,min=-41659.45195223564;median=-37575.824470075255;max=-36983.38291181005;within1=29,non-logistic a/b/c coefficients not saved in source bundle
wealth_of_nations,Wealth of Nations,erf,20260415,,,,,,,176.1545925000518,3.469857816519729,0.7061103878362087,-41804.66751357638,0.10973353544957763,False,False,False,False,False,False,False,74,316,1569.5389094352722,73.73828125,21,100 random starts; best objective selected; per-start dispersion summarized.,-41804.66751357638,-37654.38148271493,-36976.131166350395,min=-41804.66751357638;median=-37654.38148271493;max=-36976.131166350395;within1=21,non-logistic a/b/c coefficients not saved in source bundle
wealth_of_nations,Wealth of Nations,algebraic,20260415,,,,,,,203.46675339635706,3.748224819137927,0.6074054101158136,-41433.184515422094,0.11190520640837227,False,False,False,False,False,False,False,93,73,41.2342689037323,73.734375,14,100 random starts; best objective selected; per-start dispersion summarized.,-41433.184515422094,-37492.90507440308,-36946.92391069727,min=-41433.184515422094;median=-37492.90507440308;max=-36946.92391069727;within1=14,non-logistic a/b/c coefficients not saved in source bundle
wealth_of_nations,Wealth of Nations,arctan,20260415,,,,,,,219.03437282389615,2.829251826360644,0.5606601777755827,-41127.29986330493,0.11372561971261415,False,False,False,False,False,False,False,67,66,45.79470133781433,73.7421875,13,100 random starts; best objective selected; per-start dispersion summarized.,-41127.29986330493,-37474.35641399925,-36945.09909078423,min=-41127.29986330493;median=-37474.35641399925;max=-36945.09909078423;within1=13,non-logistic a/b/c coefficients not saved in source bundle
les_miserables,Les Miserables,logistic,20260415,21.632319674661133,2.9999999999999996,59.09236999130856,22.9740592974299,2.3037648059754234,999.9999999998751,485.51548027280364,1.2741856365913693,0.5736852497252185,-98242.97038787806,0.11439167100833743,False,False,False,False,False,False,False,79,83,225.0641586780548,77.36328125,51,100 random starts; best objective selected; per-start dispersion summarized.,-98242.97038787806,-98242.96873819613,-78847.02881823688,min=-98242.97038787806;median=-98242.96873819613;max=-78847.02881823688;within1=51,s2_v3_logistic_local_params.csv for a/b/c; s2_v3_per_fit_results.csv for k/w/BIC/RMSE
les_miserables,Les Miserables,tanh,20260415,,,,,,,485.5184271886706,2.5481950469363484,0.5736811407135851,-98242.97038989275,0.11439167100325597,False,False,False,False,False,False,False,2,40,254.6453664302826,77.26953125,52,100 random starts; best objective selected; per-start dispersion summarized.,-98242.97038989275,-98242.96901332775,-66446.52387163693,min=-98242.97038989275;median=-98242.96901332775;max=-66446.52387163693;within1=52,non-logistic a/b/c coefficients not saved in source bundle
les_miserables,Les Miserables,erf,20260415,,,,,,,462.1482981711422,2.693747136427065,0.5996402082933792,-99041.06393146764,0.11239633025388573,False,False,False,False,False,False,False,63,69,3963.3940732479095,77.32421875,52,100 random starts; best objective selected; per-start dispersion summarized.,-99041.06393146764,-99041.0624998651,-63956.852580301624,min=-99041.06393146764;median=-99041.0624998651;max=-63956.852580301624;within1=52,non-logistic a/b/c coefficients not saved in source bundle
les_miserables,Les Miserables,algebraic,20260415,,,,,,,543.6322502901546,2.948301001303791,0.5103260741974742,-97343.1322220562,0.11668390323002636,False,False,False,False,False,False,False,48,60,90.49861598014832,77.328125,58,100 random starts; best objective selected; per-start dispersion summarized.,-97343.1322220562,-97343.13173064792,-66783.65599633465,min=-97343.1322220562;median=-97343.13173064792;max=-66783.65599633465;within1=58,non-logistic a/b/c coefficients not saved in source bundle
les_miserables,Les Miserables,arctan,20260415,,,,,,,630.9250817122814,2.1847204830814033,0.4346044813220064,-96413.41515067253,0.11910050500127134,False,False,False,False,False,False,False,40,86,85.52772521972656,77.5,39,100 random starts; best objective selected; per-start dispersion summarized.,-96413.41515067253,-92753.34826389303,-75927.61506617478,min=-96413.41515067253;median=-92753.34826389303;max=-75927.61506617478;within1=39,non-logistic a/b/c coefficients not saved in source bundle
decline_and_fall_vol1,Decline and Fall Vol 1,logistic,20260415,19.565044764208384,2.9999999999999996,35.88628450834891,24.61328907053098,2.557238492711379,999.9999999978587,321.79748509640643,1.3900081687121657,0.5658476419594417,-70175.83280761002,0.11101915735403524,False,False,False,False,False,False,False,51,150,475.7797508239746,75.2265625,46,100 random starts; best objective selected; per-start dispersion summarized.,-70175.83280761002,-56879.10066033087,-52626.37551267841,min=-70175.83280761002;median=-56879.10066033087;max=-52626.37551267841;within1=46,s2_v3_logistic_local_params.csv for a/b/c; s2_v3_per_fit_results.csv for k/w/BIC/RMSE
decline_and_fall_vol1,Decline and Fall Vol 1,tanh,20260415,,,,,,,321.8125910003339,2.77986304968113,0.5658192906192244,-70175.83280784138,0.11101915735323174,False,False,False,False,False,False,False,89,91,451.3180658817291,75.37890625,45,100 random starts; best objective selected; per-start dispersion summarized.,-70175.83280784138,-56880.08962171786,-46814.60515099178,min=-70175.83280784138;median=-56880.08962171786;max=-46814.60515099178;within1=45,non-logistic a/b/c coefficients not saved in source bundle
decline_and_fall_vol1,Decline and Fall Vol 1,erf,20260415,,,,,,,294.02892415302637,2.8939944200648204,0.6170071423618185,-70674.21000987061,0.10930169713191742,False,False,False,False,False,False,False,42,54,3654.1278438568115,75.42578125,54,100 random starts; best objective selected; per-start dispersion summarized.,-70674.21000987061,-70674.2094384217,-54375.12323957732,min=-70674.21000987061;median=-70674.2094384217;max=-54375.12323957732;within1=54,non-logistic a/b/c coefficients not saved in source bundle
decline_and_fall_vol1,Decline and Fall Vol 1,algebraic,20260415,,,,,,,379.3178613322574,3.241618369898139,0.4761138618796881,-69675.94053428204,0.1127689487779305,False,False,False,False,False,False,False,27,61,85.79563117027283,75.30078125,38,100 random starts; best objective selected; per-start dispersion summarized.,-69675.94053428204,-56765.079999526664,-46622.63470896646,min=-69675.94053428204;median=-56765.079999526664;max=-46622.63470896646;within1=38,non-logistic a/b/c coefficients not saved in source bundle
decline_and_fall_vol1,Decline and Fall Vol 1,arctan,20260415,,,,,,,451.4244470888713,2.420738854097663,0.39360641168194793,-69058.5207652991,0.11496823976097724,False,False,False,False,False,False,False,27,69,79.07736206054688,75.17578125,33,100 random starts; best objective selected; per-start dispersion summarized.,-69058.5207652991,-56692.436987229594,-51265.625706456754,min=-69058.5207652991;median=-56692.436987229594;max=-51265.625706456754;within1=33,non-logistic a/b/c coefficients not saved in source bundle
emile,Emile,logistic,20260415,21.1660496866071,2.9999999999999996,62.245356354408095,22.473131092652938,2.4289868512481707,999.9999999998713,312.6407264604551,1.2122850147398025,0.4226379870999384,-49411.64458513997,0.10917932237806527,False,False,False,False,False,False,False,81,111,252.78362560272217,74.44921875,32,100 random starts; best objective selected; per-start dispersion summarized.,-49411.64458513997,-42225.516950920806,-40396.68677193247,min=-49411.64458513997;median=-42225.516950920806;max=-40396.68677193247;within1=32,s2_v3_logistic_local_params.csv for a/b/c; s2_v3_per_fit_results.csv for k/w/BIC/RMSE
emile,Emile,tanh,20260415,,,,,,,312.6402593614157,2.4246185308907346,0.4226387753583597,-49411.64458554419,0.10917932237609046,False,False,False,False,False,False,False,26,46,167.6579110622406,74.3671875,38,100 random starts; best objective selected; per-start dispersion summarized.,-49411.64458554419,-42225.869449126934,-38333.61410900466,min=-49411.64458554419;median=-42225.869449126934;max=-38333.61410900466;within1=38,non-logistic a/b/c coefficients not saved in source bundle
emile,Emile,erf,20260415,,,,,,,292.5062061672901,2.6198479785059336,0.45154290621619825,-49619.851237434625,0.10816686945899724,False,False,False,False,False,False,False,60,155,1901.6607513427734,74.375,33,100 random starts; best objective selected; per-start dispersion summarized.,-49619.851237434625,-42280.091552801714,-37323.630186682676,min=-49619.851237434625;median=-42280.091552801714;max=-37323.630186682676;within1=33,non-logistic a/b/c coefficients not saved in source bundle
emile,Emile,algebraic,20260415,,,,,,,357.7705881784405,2.6875190529391046,0.3658417706275505,-49132.16403369639,0.11055327501661716,False,False,False,False,False,False,False,82,116,59.192582845687866,74.37890625,39,100 random starts; best objective selected; per-start dispersion summarized.,-49132.16403369639,-42170.537680564186,-38128.55980526802,min=-49132.16403369639;median=-42170.537680564186;max=-38128.55980526802;within1=39,non-logistic a/b/c coefficients not saved in source bundle
emile,Emile,arctan,20260415,,,,,,,416.140878422735,1.929742694657019,0.3095047333417542,-48745.69986255344,0.11248169990349466,False,False,False,False,False,False,False,32,58,44.730684995651245,74.47265625,14,100 random starts; best objective selected; per-start dispersion summarized.,-48745.69986255344,-42150.493087819734,-40351.56671600237,min=-48745.69986255344;median=-42150.493087819734;max=-40351.56671600237;within1=14,non-logistic a/b/c coefficients not saved in source bundle
ulysses,Ulysses,logistic,20260415,22.338762365976677,2.9999999999962945,90.84498763287812,15.57049677930863,1.5580752059151164,999.9999999999999,153.770460303672,1.5359260585440193,1.8480845781857556,-127893.29187377344,0.10998489024216669,False,False,False,False,False,False,False,35,71,1023.103636264801,78.33984375,63,100 random starts; best objective selected; per-start dispersion summarized.,-127893.29187377344,-127893.29176296525,-104372.70911660214,min=-127893.29187377344;median=-127893.29176296525;max=-104372.70911660214;within1=63,s2_v3_logistic_local_params.csv for a/b/c; s2_v3_per_fit_results.csv for k/w/BIC/RMSE
ulysses,Ulysses,tanh,20260415,,,,,,,153.7707107355578,3.071860001784016,1.8480816546953913,-127893.29187288499,0.109984890243852,False,False,False,False,False,False,False,32,89,1041.9147188663483,78.34375,64,100 random starts; best objective selected; per-start dispersion summarized.,-127893.29187288499,-127893.29173213159,-104372.88895887275,min=-127893.29187288499;median=-127893.29173213159;max=-104372.88895887275;within1=64,non-logistic a/b/c coefficients not saved in source bundle
ulysses,Ulysses,erf,20260415,,,,,,,613.8970686190553,1.996492101113144,0.44641663744169136,-128968.26694797311,0.10796450855901948,False,False,False,False,False,False,False,52,83,593.424238204956,78.35546875,10,100 random starts; best objective selected; per-start dispersion summarized.,-128968.26694797311,-128242.61182947173,-104544.86071739846,min=-128968.26694797311;median=-128242.61182947173;max=-104544.86071739846;within1=10,non-logistic a/b/c coefficients not saved in source bundle
ulysses,Ulysses,algebraic,20260415,,,,,,,297.0846481359615,3.883918136267052,0.9408218500923152,-127803.24347292379,0.11015583985170596,False,False,False,False,False,False,False,3,66,327.4641261100769,78.35546875,47,100 random starts; best objective selected; per-start dispersion summarized.,-127803.24347292379,-127378.40389884743,-103742.87340702227,min=-127803.24347292379;median=-127378.40389884743;max=-103742.87340702227;within1=47,non-logistic a/b/c coefficients not saved in source bundle
ulysses,Ulysses,arctan,20260415,,,,,,,539.341579031339,2.8669131349285584,0.49775061087623984,-127333.93412999478,0.11105109610348811,False,False,False,False,False,False,False,65,69,517.2711198329926,78.35546875,13,100 random starts; best objective selected; per-start dispersion summarized.,-127333.93412999478,-127284.74759295842,-102715.00898664056,min=-127333.93412999478;median=-127284.74759295842;max=-102715.00898664056;within1=13,non-logistic a/b/c coefficients not saved in source bundle
collected_poe,Collected Poe,logistic,20260415,19.158122018670486,2.9999999998820597,38.77945021433637,20.23615422458507,2.217214119121125,999.9999999999999,140.17968619817628,1.5601653122205932,0.718895068334359,-40897.60006830633,0.11076121292936622,False,False,False,False,False,False,False,37,65,299.0601930618286,75.7890625,33,100 random starts; best objective selected; per-start dispersion summarized.,-40897.60006830633,-34644.8489263907,-32885.716208088874,min=-40897.60006830633;median=-34644.8489263907;max=-32885.716208088874;within1=33,s2_v3_logistic_local_params.csv for a/b/c; s2_v3_per_fit_results.csv for k/w/BIC/RMSE
collected_poe,Collected Poe,tanh,20260415,,,,,,,140.18265421386437,3.1202280206057043,0.7188787613040208,-40897.60006970781,0.1107612129210313,False,False,False,False,False,False,False,45,69,334.70779824256897,75.7578125,40,100 random starts; best objective selected; per-start dispersion summarized.,-40897.60006970781,-34644.854412752364,-32885.71624132606,min=-40897.60006970781;median=-34644.854412752364;max=-32885.71624132606;within1=40,non-logistic a/b/c coefficients not saved in source bundle
collected_poe,Collected Poe,erf,20260415,,,,,,,109.44873159574392,3.2394745644414864,0.9224130361886708,-40978.37044597775,0.11028189304192927,False,False,False,False,False,False,False,28,94,1838.9886591434479,75.74609375,32,100 random starts; best objective selected; per-start dispersion summarized.,-40978.37044597775,-34605.50494108265,-32895.98381789997,min=-40978.37044597775;median=-34605.50494108265;max=-32895.98381789997;within1=32,non-logistic a/b/c coefficients not saved in source bundle
collected_poe,Collected Poe,algebraic,20260415,,,,,,,214.59656192447395,3.5840597443105593,0.4596391693862799,-40846.45675499034,0.1110657919909314,False,False,False,False,False,False,False,91,84,54.98080348968506,75.74609375,34,100 random starts; best objective selected; per-start dispersion summarized.,-40846.45675499034,-34523.347010910016,-32872.13153675566,min=-40846.45675499034;median=-34523.347010910016;max=-32872.13153675566;within1=34,non-logistic a/b/c coefficients not saved in source bundle
collected_poe,Collected Poe,arctan,20260415,,,,,,,288.1583532827318,2.617253956984746,0.33208898833564787,-40658.44661201951,0.11219268475469542,False,False,False,False,False,False,False,98,114,48.56792092323303,75.890625,15,100 random starts; best objective selected; per-start dispersion summarized.,-40658.44661201951,-34487.28747065725,-32869.51072121186,min=-40658.44661201951;median=-34487.28747065725;max=-32869.51072121186;within1=15,non-logistic a/b/c coefficients not saved in source bundle
principia_ethica,Principia Ethica,logistic,20260415,16.31201325355312,1.6267523576813274,92.62089941907435,24.531074222592437,2.9999999999999996,842.2682471240937,25.364584710785735,1.2655424904428034,1.836066916950619,-17331.69512361233,0.10209567479920592,False,False,False,False,False,False,False,79,130,630.5605862140656,73.1171875,25,100 random starts; best objective selected; per-start dispersion summarized.,-17331.69512361233,-14991.20152386618,-13725.566652949901,min=-17331.69512361233;median=-14991.20152386618;max=-13725.566652949901;within1=25,s2_v3_logistic_local_params.csv for a/b/c; s2_v3_per_fit_results.csv for k/w/BIC/RMSE
principia_ethica,Principia Ethica,tanh,20260415,,,,,,,25.36330238199536,2.531050938400223,1.8361604453507758,-17331.695123939797,0.10209567479482302,False,False,False,False,False,False,False,95,211,442.24626755714417,72.30859375,23,100 random starts; best objective selected; per-start dispersion summarized.,-17331.695123939797,-14991.217632948057,-13683.679396188827,min=-17331.695123939797;median=-14991.217632948057;max=-13683.679396188827;within1=23,non-logistic a/b/c coefficients not saved in source bundle
principia_ethica,Principia Ethica,erf,20260415,,,,,,,45.43134641098472,3.382917578427281,1.0159482555146848,-17338.583795516282,0.10200351615560364,False,False,False,False,False,False,False,86,168,1050.892745733261,72.3046875,27,100 random starts; best objective selected; per-start dispersion summarized.,-17338.583795516282,-15058.093078990063,-14113.867345056728,min=-17338.583795516282;median=-15058.093078990063;max=-14113.867345056728;within1=27,non-logistic a/b/c coefficients not saved in source bundle
principia_ethica,Principia Ethica,algebraic,20260415,,,,,,,252.1797896761211,1.0846908227696683,0.16926016251882742,-17313.244542274904,0.10234292238224015,False,False,False,False,False,False,False,65,93,461.3746659755707,72.32421875,10,100 random starts; best objective selected; per-start dispersion summarized.,-17313.244542274904,-14917.573243858942,-13674.712602954194,min=-17313.244542274904;median=-14917.573243858942;max=-13674.712602954194;within1=10,non-logistic a/b/c coefficients not saved in source bundle
principia_ethica,Principia Ethica,arctan,20260415,,,,,,,306.06141920187457,0.43097369520546913,0.13653748427850984,-17309.41140291501,0.1023943635550672,False,False,False,False,False,False,False,92,99,258.7552363872528,72.32421875,9,100 random starts; best objective selected; per-start dispersion summarized.,-17309.41140291501,-14857.823420592875,-13715.796842531867,min=-17309.41140291501;median=-14857.823420592875;max=-13715.796842531867;within1=9,non-logistic a/b/c coefficients not saved in source bundle
critique_of_pure_reason,Critique of Pure Reason,logistic,20260415,9.949223676909487,0.9046409816997336,0.10917426464896376,20.78170290444393,2.420684194788047,999.9999999999999,355.5815517957376,0.30800732687383664,0.20391445069729247,-29630.13903203693,0.10306572218569297,False,False,False,False,False,False,False,1,73,1084.5240614414215,77.15234375,10,100 random starts; best objective selected; per-start dispersion summarized.,-29630.13903203693,-25120.306495814373,-23596.717430775523,min=-29630.13903203693;median=-25120.306495814373;max=-23596.717430775523;within1=10,s2_v3_logistic_local_params.csv for a/b/c; s2_v3_per_fit_results.csv for k/w/BIC/RMSE
critique_of_pure_reason,Critique of Pure Reason,tanh,20260415,,,,,,,355.58558260238186,0.6160045784441611,0.20391199231095888,-29630.13903252928,0.10306572218181166,False,False,False,False,False,False,False,47,42,800.197016954422,74.46875,8,100 random starts; best objective selected; per-start dispersion summarized.,-29630.13903252928,-25120.397239484606,-23749.943668983375,min=-29630.13903252928;median=-25120.397239484606;max=-23749.943668983375;within1=8,non-logistic a/b/c coefficients not saved in source bundle
critique_of_pure_reason,Critique of Pure Reason,erf,20260415,,,,,,,339.9821387997656,0.764383098962179,0.21386321841924108,-29650.093293842423,0.10290853756329842,False,False,False,False,False,False,False,40,72,1925.4520454406738,74.4765625,3,100 random starts; best objective selected; per-start dispersion summarized.,-29650.093293842423,-25227.243174296884,-23749.013832411532,min=-29650.093293842423;median=-25227.243174296884;max=-23749.013832411532;within1=3,non-logistic a/b/c coefficients not saved in source bundle
critique_of_pure_reason,Critique of Pure Reason,algebraic,20260415,,,,,,,324.4018891191624,0.8637919184428035,0.22391236734278544,-29639.22489114161,0.10299412089205734,False,False,False,False,False,False,False,43,71,560.7595858573914,74.47265625,17,100 random starts; best objective selected; per-start dispersion summarized.,-29639.22489114161,-24993.10502941576,-23726.810094881323,min=-29639.22489114161;median=-24993.10502941576;max=-23726.810094881323;within1=17,non-logistic a/b/c coefficients not saved in source bundle
critique_of_pure_reason,Critique of Pure Reason,arctan,20260415,,,,,,,328.6112749223211,0.5990789013300364,0.21940314154242013,-29634.61334805126,0.10303045603066446,False,False,False,False,False,False,False,14,41,1170.5245025157928,74.47265625,8,100 random starts; best objective selected; per-start dispersion summarized.,-29634.61334805126,-24888.712655476236,-23651.323587882984,min=-29634.61334805126;median=-24888.712655476236;max=-23651.323587882984;within1=8,non-logistic a/b/c coefficients not saved in source bundle
